Protocollo;Gruppo;DataOraIncidente;Localizzazione1;STRADA1;Localizzazione2;STRADA2;Strada02;Chilometrica;DaSpecificare;NaturaIncidente;particolaritastrade;TipoStrada;FondoStradale;Pavimentazione;Segnaletica;CondizioneAtmosferica;Traffico;Visibilita;Illuminazione;NUM_FERITI;NUM_RISERVATA;NUM_MORTI;NUM_ILLESI;Longitudine;Latitudine;Confermato;Progressivo;TipoVeicolo;StatoVeicolo;TipoPersona;Sesso;Tipolesione;Deceduto;DecedutoDopo;CinturaCascoUtilizzato;Airbag
1824732;10;13/01/2010 08:40;Strada Urbana;VIA DI TORRE SPACCATA;all'intersezione con;VIA RAIMONDO SCINTU;VIA RAIMONDO SCINTU;;;Scontro laterale fra veicoli in marcia;Rotatoria;Una carreggiata a senso unico di marcia;Bagnato (pioggia);Asfaltata;Verticale ed orizzontale;Pioggia in atto;Normale;Buona;Ore Diurne;0;0;0;2;;;-1;2;Autovettura privata;Allontanatosi;Conducente;F;Illeso;0;;Non accertato;Inesistente
1824733;10;13/01/2010 10:20;Strada Urbana;VIALE ANTONIO CIAMARRA;all'intersezione con;PIAZZA FABIO SABATINI;PIAZZA FABIO SABATINI;;;Tamponamento;Rotatoria;Una carreggiata a senso unico di marcia;Bagnato (pioggia);Asfaltata;Verticale ed orizzontale;Nuvoloso;Normale;Sufficiente;Ore Diurne;1;0;0;3;;;-1;1;Autovettura privata;In marcia / fermata / arresto;Conducente;F;Illeso;0;;Non accertato;Inesistente
1824733;10;13/01/2010 10:20;Strada Urbana;VIALE ANTONIO CIAMARRA;all'intersezione con;PIAZZA FABIO SABATINI;PIAZZA FABIO SABATINI;;;Tamponamento;Rotatoria;Una carreggiata a senso unico di marcia;Bagnato (pioggia);Asfaltata;Verticale ed orizzontale;Nuvoloso;Normale;Sufficiente;Ore Diurne;1;0;0;3;;;-1;1;Autovettura privata;In marcia / fermata / arresto;Passeggero;F;Illeso;0;;Non accertato;Inesistente
1824733;10;13/01/2010 10:20;Strada Urbana;VIALE ANTONIO CIAMARRA;all'intersezione con;PIAZZA FABIO SABATINI;PIAZZA FABIO SABATINI;;;Tamponamento;Rotatoria;Una carreggiata a senso unico di marcia;Bagnato (pioggia);Asfaltata;Verticale ed orizzontale;Nuvoloso;Normale;Sufficiente;Ore Diurne;1;0;0;3;;;-1;2;Autovettura privata;In marcia / fermata / arresto;Conducente;M;Illeso;0;;Non accertato;Inesistente
1824733;10;13/01/2010 10:20;Strada Urbana;VIALE ANTONIO CIAMARRA;all'intersezione con;PIAZZA FABIO SABATINI;PIAZZA FABIO SABATINI;;;Tamponamento;Rotatoria;Una carreggiata a senso unico di marcia;Bagnato (pioggia);Asfaltata;Verticale ed orizzontale;Nuvoloso;Normale;Sufficiente;Ore Diurne;1;0;0;3;;;-1;2;Autovettura privata;In marcia / fermata / arresto;Passeggero;F;Rimandato;0;NON DECEDUTO;Non accertato;Inesistente
1824734;10;13/01/2010 12:10;Strada Urbana;VIA TUSCOLANA;in prossimità;;del civico n. ;621;;Scontro frontale/laterale SX fra veicoli in marcia;Rettilineo;Una carreggiata a senso unico di marcia;Bagnato (pioggia);Asfaltata;Orizzontale;Pioggia in atto;Scarso;Buona;Ore Diurne;1;0;0;1;;;-1;1;Motociclo a solo;In marcia / fermata / arresto;Conducente;M;Rimandato;0;NON DECEDUTO;Non accertato;Inesistente
1824734;10;13/01/2010 12:10;Strada Urbana;VIA TUSCOLANA;in prossimità;;del civico n. ;621;;Scontro frontale/laterale SX fra veicoli in marcia;Rettilineo;Una carreggiata a senso unico di marcia;Bagnato (pioggia);Asfaltata;Orizzontale;Pioggia in atto;Scarso;Buona;Ore Diurne;1;0;0;1;;;-1;2;Autovettura privata;In marcia / fermata / arresto;Conducente;M;Illeso;0;;Non accertato;Inesploso
1824735;10;13/01/2010 12:30;Strada Urbana;VIALE ROLANDO VIGNALI;in prossimità;;del civico n. ;54;;Scontro frontale/laterale SX fra veicoli in marcia;Rettilineo;Due carreggiate;Bagnato (pioggia);Asfaltata;Verticale ed orizzontale;Pioggia in atto;Normale;Buona;Ore Diurne;2;0;0;2;;;-1;1;Autovettura privata;In marcia / fermata / arresto;Conducente;F;Rifiuta cure immediate;0;NON DECEDUTO;Non accertato;Inesistente
1824735;10;13/01/2010 12:30;Strada Urbana;VIALE ROLANDO VIGNALI;in prossimità;;del civico n. ;54;;Scontro frontale/laterale SX fra veicoli in marcia;Rettilineo;Due carreggiate;Bagnato (pioggia);Asfaltata;Verticale ed orizzontale;Pioggia in atto;Normale;Buona;Ore Diurne;2;0;0;2;;;-1;2;Autovettura privata;In marcia / fermata / arresto;Conducente;M;Illeso;0;;Non accertato;Inesploso
1824735;10;13/01/2010 12:30;Strada Urbana;VIALE ROLANDO VIGNALI;in prossimità;;del civico n. ;54;;Scontro frontale/laterale SX fra veicoli in marcia;Rettilineo;Due carreggiate;Bagnato (pioggia);Asfaltata;Verticale ed orizzontale;Pioggia in atto;Normale;Buona;Ore Diurne;2;0;0;2;;;-1;2;Autovettura privata;In marcia / fermata / arresto;Passeggero;M;Rifiuta cure immediate;0;NON DECEDUTO;Non accertato;Inesploso
1824735;10;13/01/2010 12:30;Strada Urbana;VIALE ROLANDO VIGNALI;in prossimità;;del civico n. ;54;;Scontro frontale/laterale SX fra veicoli in marcia;Rettilineo;Due carreggiate;Bagnato (pioggia);Asfaltata;Verticale ed orizzontale;Pioggia in atto;Normale;Buona;Ore Diurne;2;0;0;2;;;-1;2;Autovettura privata;In marcia / fermata / arresto;Passeggero;M;Illeso;0;;Non accertato;Inesistente
1824736;10;13/01/2010 13:15;Strada Urbana;VIALE PALMIRO TOGLIATTI;da specificare;;;;FRONTE CIVICO 63;Scontro frontale/laterale SX fra veicoli in marcia;Rettilineo;Una carreggiata a doppio senso;Bagnato (pioggia);Asfaltata;Verticale ed orizzontale;Pioggia in atto;Scarso;Buona;Ore Diurne;0;0;0;4;;;-1;1;Autovettura privata;In marcia / fermata / arresto;Conducente;M;Illeso;0;;Utilizzato;Inesploso
1824736;10;13/01/2010 13:15;Strada Urbana;VIALE PALMIRO TOGLIATTI;da specificare;;;;FRONTE CIVICO 63;Scontro frontale/laterale SX fra veicoli in marcia;Rettilineo;Una carreggiata a doppio senso;Bagnato (pioggia);Asfaltata;Verticale ed orizzontale;Pioggia in atto;Scarso;Buona;Ore Diurne;0;0;0;4;;;-1;2;Autovettura privata;In marcia / fermata / arresto;Conducente;M;Illeso;0;;Utilizzato;Inesploso
1824736;10;13/01/2010 13:15;Strada Urbana;VIALE PALMIRO TOGLIATTI;da specificare;;;;FRONTE CIVICO 63;Scontro frontale/laterale SX fra veicoli in marcia;Rettilineo;Una carreggiata a doppio senso;Bagnato (pioggia);Asfaltata;Verticale ed orizzontale;Pioggia in atto;Scarso;Buona;Ore Diurne;0;0;0;4;;;-1;2;Autovettura privata;In marcia / fermata / arresto;Passeggero;F;Illeso;0;;Non accertato;Inesploso
1824736;10;13/01/2010 13:15;Strada Urbana;VIALE PALMIRO TOGLIATTI;da specificare;;;;FRONTE CIVICO 63;Scontro frontale/laterale SX fra veicoli in marcia;Rettilineo;Una carreggiata a doppio senso;Bagnato (pioggia);Asfaltata;Verticale ed orizzontale;Pioggia in atto;Scarso;Buona;Ore Diurne;0;0;0;4;;;-1;2;Autovettura privata;In marcia / fermata / arresto;Passeggero;F;Illeso;0;;Non accertato;Inesistente
1824737;10;13/01/2010 14:30;Strada Urbana;VIALE SPARTACO;all'intersezione semaforizzata con;VIA VALERIO PUBLICOLA;VIA VALERIO PUBLICOLA;;;Scontro frontale/laterale SX fra veicoli in marcia;Intersezione semaforizzata;Due carreggiate;Bagnato (pioggia);Asfaltata;Verticale ed orizzontale;Pioggia in atto;Scarso;Buona;Ore Diurne;0;0;0;3;;;-1;1;Autovettura privata;In marcia / fermata / arresto;Conducente;M;Illeso;0;;Non accertato;Esploso
1824737;10;13/01/2010 14:30;Strada Urbana;VIALE SPARTACO;all'intersezione semaforizzata con;VIA VALERIO PUBLICOLA;VIA VALERIO PUBLICOLA;;;Scontro frontale/laterale SX fra veicoli in marcia;Intersezione semaforizzata;Due carreggiate;Bagnato (pioggia);Asfaltata;Verticale ed orizzontale;Pioggia in atto;Scarso;Buona;Ore Diurne;0;0;0;3;;;-1;2;Autovettura privata;In marcia / fermata / arresto;Conducente;M;Illeso;0;;Non accertato;Inesploso
1824737;10;13/01/2010 14:30;Strada Urbana;VIALE SPARTACO;all'intersezione semaforizzata con;VIA VALERIO PUBLICOLA;VIA VALERIO PUBLICOLA;;;Scontro frontale/laterale SX fra veicoli in marcia;Intersezione semaforizzata;Due carreggiate;Bagnato (pioggia);Asfaltata;Verticale ed orizzontale;Pioggia in atto;Scarso;Buona;Ore Diurne;0;0;0;3;;;-1;2;Autovettura privata;In marcia / fermata / arresto;Passeggero;F;Illeso;0;;Non accertato;Inesistente
1824738;10;13/01/2010 16:00;Strada Urbana;VIA STEFANO OBERTO;da specificare;;;;50 mt. prima del civico 71;Scontro frontale/laterale SX fra veicoli in marcia;Rettilineo;Una carreggiata a doppio senso;Bagnato (pioggia);Asfaltata;Orizzontale;Nuvoloso;Scarso;Buona;Ore Diurne;0;0;0;1;;;-1;1;Autovettura privata;In marcia / fermata / arresto;Conducente;F;Illeso;0;;Non accertato;Inesistente
1824739;10;13/01/2010 18:00;Statale;VIA ANAGNINA;all'intersezione con;VIA DI ACQUA ACETOSA ANAGNINA;VIA DI ACQUA ACETOSA ANAGNINA;;;Scontro frontale/laterale DX fra veicoli in marcia;Intersezione non regolata/non segnalata;Più di due carreggiate;Bagnato (umidità in atto);Asfaltata;Verticale ed orizzontale;Nuvoloso;Normale;Sufficiente;Sufficiente;0;0;0;3;;;-1;1;Autovettura privata;In marcia / fermata / arresto;Conducente;F;Illeso;0;;Non accertato;Inesploso
1824739;10;13/01/2010 18:00;Statale;VIA ANAGNINA;all'intersezione con;VIA DI ACQUA ACETOSA ANAGNINA;VIA DI ACQUA ACETOSA ANAGNINA;;;Scontro frontale/laterale DX fra veicoli in marcia;Intersezione non regolata/non segnalata;Più di due carreggiate;Bagnato (umidità in atto);Asfaltata;Verticale ed orizzontale;Nuvoloso;Normale;Sufficiente;Sufficiente;0;0;0;3;;;-1;1;Autovettura privata;In marcia / fermata / arresto;Passeggero;F;Illeso;0;;Non accertato;Inesistente
1824739;10;13/01/2010 18:00;Statale;VIA ANAGNINA;all'intersezione con;VIA DI ACQUA ACETOSA ANAGNINA;VIA DI ACQUA ACETOSA ANAGNINA;;;Scontro frontale/laterale DX fra veicoli in marcia;Intersezione non regolata/non segnalata;Più di due carreggiate;Bagnato (umidità in atto);Asfaltata;Verticale ed orizzontale;Nuvoloso;Normale;Sufficiente;Sufficiente;0;0;0;3;;;-1;2;Autovettura privata;In marcia / fermata / arresto;Conducente;M;Illeso;0;;Non accertato;Inesploso
1824740;10;13/01/2010 20:30;Statale entro l'abitato;VIA TUSCOLANA;all'intersezione con;VIA MASO FINIGUERRA;VIA MASO FINIGUERRA;;;Scontro laterale fra veicoli in marcia;Intersezione stradale segnalata;Due carreggiate;Asciutto;Asfaltata;Verticale ed orizzontale;Nuvoloso;Normale;Buona;Sufficiente;0;0;0;2;;;-1;1;Autovettura privata;In marcia / fermata / arresto;Conducente;F;Illeso;0;;Non accertato;Inesistente
1824740;10;13/01/2010 20:30;Statale entro l'abitato;VIA TUSCOLANA;all'intersezione con;VIA MASO FINIGUERRA;VIA MASO FINIGUERRA;;;Scontro laterale fra veicoli in marcia;Intersezione stradale segnalata;Due carreggiate;Asciutto;Asfaltata;Verticale ed orizzontale;Nuvoloso;Normale;Buona;Sufficiente;0;0;0;2;;;-1;2;Autovettura privata;In marcia / fermata / arresto;Conducente;F;Illeso;0;;Non accertato;Inesistente
1824748;11;12/01/2010 09:00;Strada Urbana;VIA OSTIENSE;in prossimità;;del civico n. ;134/A;;Tamponamento Multiplo;Rettilineo;Più di due carreggiate;Asciutto;Asfaltata;Verticale ed orizzontale;Sereno;Normale;Buona;Ore Diurne;1;0;0;3;;;-1;1;Autovettura privata;In marcia / fermata / arresto;Conducente;M;Illeso;0;;Utilizzato;Inesploso
1824748;11;12/01/2010 09:00;Strada Urbana;VIA OSTIENSE;in prossimità;;del civico n. ;134/A;;Tamponamento Multiplo;Rettilineo;Più di due carreggiate;Asciutto;Asfaltata;Verticale ed orizzontale;Sereno;Normale;Buona;Ore Diurne;1;0;0;3;;;-1;2;Autovettura privata;In marcia / fermata / arresto;Conducente;M;Illeso;0;;Utilizzato;Inesploso
1824748;11;12/01/2010 09:00;Strada Urbana;VIA OSTIENSE;in prossimità;;del civico n. ;134/A;;Tamponamento Multiplo;Rettilineo;Più di due carreggiate;Asciutto;Asfaltata;Verticale ed orizzontale;Sereno;Normale;Buona;Ore Diurne;1;0;0;3;;;-1;2;Autovettura privata;In marcia / fermata / arresto;Passeggero;F;Illeso;0;;Utilizzato;Inesploso
1824748;11;12/01/2010 09:00;Strada Urbana;VIA OSTIENSE;in prossimità;;del civico n. ;134/A;;Tamponamento Multiplo;Rettilineo;Più di due carreggiate;Asciutto;Asfaltata;Verticale ed orizzontale;Sereno;Normale;Buona;Ore Diurne;1;0;0;3;;;-1;3;Motociclo a solo;In marcia / fermata / arresto;Conducente;M;Rifiuta cure immediate;0;NON DECEDUTO;Utilizzato;Inesistente
1824749;11;12/01/2010 15:30;Strada Urbana;VIA CRISTOFORO COLOMBO;all'intersezione semaforizzata con;VIA LAURENTINA;VIA LAURENTINA;;;Scontro frontale/laterale DX fra veicoli in marcia;Intersezione semaforizzata;Più di due carreggiate;Asciutto;Asfaltata;Verticale ed orizzontale;Sereno;Intenso;Buona;Ore Diurne;1;0;0;1;;;-1;1;Autovettura privata;In marcia / fermata / arresto;Conducente;F;Illeso;0;;Non accertato;Inesistente
1824749;11;12/01/2010 15:30;Strada Urbana;VIA CRISTOFORO COLOMBO;all'intersezione semaforizzata con;VIA LAURENTINA;VIA LAURENTINA;;;Scontro frontale/laterale DX fra veicoli in marcia;Intersezione semaforizzata;Più di due carreggiate;Asciutto;Asfaltata;Verticale ed orizzontale;Sereno;Intenso;Buona;Ore Diurne;1;0;0;1;;;-1;2;Autovettura privata;In marcia / fermata / arresto;Conducente;M;Ricoverato;0;NON DECEDUTO;Non accertato;Inesistente
1824750;11;13/01/2010 07:20;Strada Urbana;VIA CRISTOFORO COLOMBO;all'intersezione con;PIAZZA DEI NAVIGATORI;PIAZZA DEI NAVIGATORI;;;Scontro frontale/laterale DX fra veicoli in marcia;Intersezione semaforizzata;Più di due carreggiate;Asciutto;Asfaltata;Verticale ed orizzontale;Nuvoloso;Intenso;Buona;Ore Diurne;0;0;0;3;;;-1;1;Autovettura privata;In marcia / fermata / arresto;Conducente;F;Illeso;0;;Non accertato;Inesistente
1824750;11;13/01/2010 07:20;Strada Urbana;VIA CRISTOFORO COLOMBO;all'intersezione con;PIAZZA DEI NAVIGATORI;PIAZZA DEI NAVIGATORI;;;Scontro frontale/laterale DX fra veicoli in marcia;Intersezione semaforizzata;Più di due carreggiate;Asciutto;Asfaltata;Verticale ed orizzontale;Nuvoloso;Intenso;Buona;Ore Diurne;0;0;0;3;;;-1;1;Autovettura privata;In marcia / fermata / arresto;Passeggero;M;Illeso;0;;Non accertato;Inesistente
1824750;11;13/01/2010 07:20;Strada Urbana;VIA CRISTOFORO COLOMBO;all'intersezione con;PIAZZA DEI NAVIGATORI;PIAZZA DEI NAVIGATORI;;;Scontro frontale/laterale DX fra veicoli in marcia;Intersezione semaforizzata;Più di due carreggiate;Asciutto;Asfaltata;Verticale ed orizzontale;Nuvoloso;Intenso;Buona;Ore Diurne;0;0;0;3;;;-1;2;Autovettura privata;In marcia / fermata / arresto;Conducente;M;Illeso;0;;Non accertato;Inesploso
1824751;11;13/01/2010 09:15;Strada Urbana;VIA OSTIENSE;in prossimità;;del civico n. ;81/A;;Veicolo in marcia contro veicolo arresto;Rettilineo;Più di due carreggiate;Bagnato (pioggia);Asfaltata;Verticale ed orizzontale;Pioggia in atto;Normale;Buona;Ore Diurne;1;0;0;0;;;-1;1;Motociclo a solo;In marcia / fermata / arresto;Conducente;M;Rimandato;0;NON DECEDUTO;Non accertato;Inesistente
1824752;12;12/01/2010 06:15;Strada Urbana;VIA CRISTOFORO COLOMBO;all'intersezione semaforizzata con;VIALE DELL'UMANESIMO;VIALE DELL'UMANESIMO;;;Tamponamento;Incrocio;Una carreggiata a senso unico di marcia;Asciutto;Asfaltata;Verticale ed orizzontale;Sereno;Normale;Buona;Ore Diurne;0;0;0;2;;;-1;1;Autovettura privata;In marcia / fermata / arresto;Conducente;F;Illeso;0;;Utilizzato;Inesistente
1824752;12;12/01/2010 06:15;Strada Urbana;VIA CRISTOFORO COLOMBO;all'intersezione semaforizzata con;VIALE DELL'UMANESIMO;VIALE DELL'UMANESIMO;;;Tamponamento;Incrocio;Una carreggiata a senso unico di marcia;Asciutto;Asfaltata;Verticale ed orizzontale;Sereno;Normale;Buona;Ore Diurne;0;0;0;2;;;-1;2;Autovettura privata;In marcia / fermata / arresto;Conducente;M;Illeso;0;;Non accertato;Inesistente
1824753;12;12/01/2010 07:15;Strada Urbana;VIALE DELL'OCEANO ATLANTICO;all'intersezione con;VIA RHODESIA;VIA RHODESIA;;;Scontro laterale fra veicoli in marcia;Incrocio;Due carreggiate;Asciutto;Asfaltata;Orizzontale;Nuvoloso;Scarso;Buona;Ore Diurne;0;0;0;2;;;-1;1;Autovettura privata;In marcia / fermata / arresto;Conducente;M;Illeso;0;;Utilizzato;Inesistente
1824753;12;12/01/2010 07:15;Strada Urbana;VIALE DELL'OCEANO ATLANTICO;all'intersezione con;VIA RHODESIA;VIA RHODESIA;;;Scontro laterale fra veicoli in marcia;Incrocio;Due carreggiate;Asciutto;Asfaltata;Orizzontale;Nuvoloso;Scarso;Buona;Ore Diurne;0;0;0;2;;;-1;2;Autovettura privata;In marcia / fermata / arresto;Conducente;F;Illeso;0;;Utilizzato;Inesistente
1824754;12;12/01/2010 07:20;Strada Urbana;VIALE DELL'OCEANO ATLANTICO;all'intersezione con;VIA RHODESIA;VIA RHODESIA;;;Veicolo in marcia contro veicolo fermo;Incrocio;Due carreggiate;Asciutto;Asfaltata;Verticale ed orizzontale;Sereno;Scarso;Buona;Ore Diurne;0;0;0;2;;;-1;1;Autovettura privata;In marcia / fermata / arresto;Conducente;M;Illeso;0;;Utilizzato;Inesistente
1824754;12;12/01/2010 07:20;Strada Urbana;VIALE DELL'OCEANO ATLANTICO;all'intersezione con;VIA RHODESIA;VIA RHODESIA;;;Veicolo in marcia contro veicolo fermo;Incrocio;Due carreggiate;Asciutto;Asfaltata;Verticale ed orizzontale;Sereno;Scarso;Buona;Ore Diurne;0;0;0;2;;;-1;2;Autovettura privata;In marcia / fermata / arresto;Conducente;M;Illeso;0;;Utilizzato;Inesistente
1824755;12;12/01/2010 08:00;Statale;VIA PONTINA;da specificare;;;;dir. Roma alt. svinc. GRA dir. Napoli;Scontro laterale fra veicoli in marcia;Rettilineo;Più di due carreggiate;Bagnato (brina);Asfaltata;Verticale ed orizzontale;Nuvoloso;Intenso;Buona;Ore Diurne;2;0;0;2;;;-1;1;Motociclo con passeggero;In marcia / fermata / arresto;Passeggero;M;Rimandato;0;NON DECEDUTO;Utilizzato;Inesistente
1824755;12;12/01/2010 08:00;Statale;VIA PONTINA;da specificare;;;;dir. Roma alt. svinc. GRA dir. Napoli;Scontro laterale fra veicoli in marcia;Rettilineo;Più di due carreggiate;Bagnato (brina);Asfaltata;Verticale ed orizzontale;Nuvoloso;Intenso;Buona;Ore Diurne;2;0;0;2;;;-1;1;Motociclo con passeggero;In marcia / fermata / arresto;Conducente;M;Rimandato;0;NON DECEDUTO;Utilizzato;Inesistente
1824755;12;12/01/2010 08:00;Statale;VIA PONTINA;da specificare;;;;dir. Roma alt. svinc. GRA dir. Napoli;Scontro laterale fra veicoli in marcia;Rettilineo;Più di due carreggiate;Bagnato (brina);Asfaltata;Verticale ed orizzontale;Nuvoloso;Intenso;Buona;Ore Diurne;2;0;0;2;;;-1;2;Autocarro inferiore 35 q.;In marcia / fermata / arresto;Conducente;M;Illeso;0;;Utilizzato;Inesistente
1824755;12;12/01/2010 08:00;Statale;VIA PONTINA;da specificare;;;;dir. Roma alt. svinc. GRA dir. Napoli;Scontro laterale fra veicoli in marcia;Rettilineo;Più di due carreggiate;Bagnato (brina);Asfaltata;Verticale ed orizzontale;Nuvoloso;Intenso;Buona;Ore Diurne;2;0;0;2;;;-1;2;Autocarro inferiore 35 q.;In marcia / fermata / arresto;Passeggero;M;Illeso;0;;Utilizzato;Inesistente
1824756;12;12/01/2010 08:50;Strada Urbana;VIA CRISTOFORO COLOMBO;all'intersezione con;VIALE DELLA CIVILTA' DEL LAVORO;VIALE DELLA CIVILTA' DEL LAVORO;;;Scontro frontale/laterale SX fra veicoli in marcia;Incrocio;Più di due carreggiate;Asciutto;Asfaltata;Verticale ed orizzontale;Sereno;Normale;Buona;Ore Diurne;0;0;0;3;;;-1;1;Autovettura privata;In marcia / fermata / arresto;Conducente;M;Illeso;0;;Utilizzato;Inesistente
1824756;12;12/01/2010 08:50;Strada Urbana;VIA CRISTOFORO COLOMBO;all'intersezione con;VIALE DELLA CIVILTA' DEL LAVORO;VIALE DELLA CIVILTA' DEL LAVORO;;;Scontro frontale/laterale SX fra veicoli in marcia;Incrocio;Più di due carreggiate;Asciutto;Asfaltata;Verticale ed orizzontale;Sereno;Normale;Buona;Ore Diurne;0;0;0;3;;;-1;2;Autovettura privata;In marcia / fermata / arresto;Conducente;F;Illeso;0;;Utilizzato;Inesistente
1824756;12;12/01/2010 08:50;Strada Urbana;VIA CRISTOFORO COLOMBO;all'intersezione con;VIALE DELLA CIVILTA' DEL LAVORO;VIALE DELLA CIVILTA' DEL LAVORO;;;Scontro frontale/laterale SX fra veicoli in marcia;Incrocio;Più di due carreggiate;Asciutto;Asfaltata;Verticale ed orizzontale;Sereno;Normale;Buona;Ore Diurne;0;0;0;3;;;-1;3;Autocarro inferiore 35 q.;In marcia / fermata / arresto;Conducente;F;Illeso;0;;Utilizzato;Inesistente
1824757;12;13/01/2010 11:45;Strada Urbana;LARGO PIAZZA TIEN AN MEN;all'intersezione con;VIALE DELLA GRANDE MURAGLIA;VIALE DELLA GRANDE MURAGLIA;;;Scontro frontale/laterale DX fra veicoli in marcia;Rotatoria;Una carreggiata a senso unico di marcia;Bagnato (pioggia);Asfaltata;Verticale ed orizzontale;Nuvoloso;Normale;Buona;Ore Diurne;0;0;0;3;;;-1;1;Autovettura privata;In marcia / fermata / arresto;Conducente;F;Illeso;0;;Utilizzato;Inesistente
1824757;12;13/01/2010 11:45;Strada Urbana;LARGO PIAZZA TIEN AN MEN;all'intersezione con;VIALE DELLA GRANDE MURAGLIA;VIALE DELLA GRANDE MURAGLIA;;;Scontro frontale/laterale DX fra veicoli in marcia;Rotatoria;Una carreggiata a senso unico di marcia;Bagnato (pioggia);Asfaltata;Verticale ed orizzontale;Nuvoloso;Normale;Buona;Ore Diurne;0;0;0;3;;;-1;1;Autovettura privata;In marcia / fermata / arresto;Passeggero;F;Illeso;0;;Utilizzato;Inesistente
1824757;12;13/01/2010 11:45;Strada Urbana;LARGO PIAZZA TIEN AN MEN;all'intersezione con;VIALE DELLA GRANDE MURAGLIA;VIALE DELLA GRANDE MURAGLIA;;;Scontro frontale/laterale DX fra veicoli in marcia;Rotatoria;Una carreggiata a senso unico di marcia;Bagnato (pioggia);Asfaltata;Verticale ed orizzontale;Nuvoloso;Normale;Buona;Ore Diurne;0;0;0;3;;;-1;2;Autovettura privata;In marcia / fermata / arresto;Conducente;M;Illeso;0;;Utilizzato;Inesistente
1824758;12;13/01/2010 15:10;Strada Urbana;VIALE CESARE PAVESE;in corrispondenza;;del civico n. ;316-318;;Veicolo in marcia contro veicolo fermo;Rettilineo;Due carreggiate;Asciutto;Asfaltata;Verticale ed orizzontale;Sereno;Normale;Buona;Ore Diurne;1;0;0;3;;;-1;1;Autovettura privata;Sosta;Passeggero;F;Illeso;0;;Non utilizzato;Inesploso
1824758;12;13/01/2010 15:10;Strada Urbana;VIALE CESARE PAVESE;in corrispondenza;;del civico n. ;316-318;;Veicolo in marcia contro veicolo fermo;Rettilineo;Due carreggiate;Asciutto;Asfaltata;Verticale ed orizzontale;Sereno;Normale;Buona;Ore Diurne;1;0;0;3;;;-1;2;Autovettura privata;In marcia / fermata / arresto;Conducente;M;Illeso;0;;Utilizzato;Esploso
1824758;12;13/01/2010 15:10;Strada Urbana;VIALE CESARE PAVESE;in corrispondenza;;del civico n. ;316-318;;Veicolo in marcia contro veicolo fermo;Rettilineo;Due carreggiate;Asciutto;Asfaltata;Verticale ed orizzontale;Sereno;Normale;Buona;Ore Diurne;1;0;0;3;;;-1;2;Autovettura privata;In marcia / fermata / arresto;Passeggero;F;Rimandato;0;NON DECEDUTO;Non accertato;Inesistente
1824758;12;13/01/2010 15:10;Strada Urbana;VIALE CESARE PAVESE;in corrispondenza;;del civico n. ;316-318;;Veicolo in marcia contro veicolo fermo;Rettilineo;Due carreggiate;Asciutto;Asfaltata;Verticale ed orizzontale;Sereno;Normale;Buona;Ore Diurne;1;0;0;3;;;-1;2;Autovettura privata;In marcia / fermata / arresto;Passeggero;M;Illeso;0;;Non accertato;Inesistente
1824759;12;14/01/2010 08:45;Provinciale entro l'abitato;VIA LAURENTINA;da specificare;;;;altezza VIA DE SUPPE';Tamponamento Multiplo;Rettilineo;Due carreggiate;Asciutto;Asfaltata;Verticale ed orizzontale;Sereno;Intenso;Buona;Ore Diurne;1;0;0;2;;;-1;1;Autovettura privata;In marcia / fermata / arresto;Conducente;M;Illeso;0;;Utilizzato;Inesploso
1824759;12;14/01/2010 08:45;Provinciale entro l'abitato;VIA LAURENTINA;da specificare;;;;altezza VIA DE SUPPE';Tamponamento Multiplo;Rettilineo;Due carreggiate;Asciutto;Asfaltata;Verticale ed orizzontale;Sereno;Intenso;Buona;Ore Diurne;1;0;0;2;;;-1;2;Autovettura privata;In marcia / fermata / arresto;Conducente;F;Rimandato;0;NON DECEDUTO;Utilizzato;Inesploso
1824759;12;14/01/2010 08:45;Provinciale entro l'abitato;VIA LAURENTINA;da specificare;;;;altezza VIA DE SUPPE';Tamponamento Multiplo;Rettilineo;Due carreggiate;Asciutto;Asfaltata;Verticale ed orizzontale;Sereno;Intenso;Buona;Ore Diurne;1;0;0;2;;;-1;3;Autovettura privata;In marcia / fermata / arresto;Conducente;F;Illeso;0;;Utilizzato;Inesploso
1824760;13;10/01/2010 20:00;Strada Urbana;VIADOTTO ZELIA NUTTALL;da specificare;;;;sulla rampa provenienza v.le Romagnoli (Acilia);Veicolo in marcia contro ostacolo accidentale;Cavalcavia;Una carreggiata a senso unico di marcia;Bagnato (pioggia);Asfaltata;Assente;Pioggia in atto;Normale;Sufficiente;Sufficiente;0;0;0;1;;;-1;1;Autovettura privata;In marcia / fermata / arresto;Conducente;M;Illeso;0;;Non accertato;Inesploso
1824761;13;13/01/2010 08:00;Strada Urbana;VIA DI CASAL PALOCCO;in corrispondenza;;del civico n. ;36;;Scontro frontale/laterale DX fra veicoli in marcia;Rettilineo;Una carreggiata a doppio senso;Bagnato (pioggia);Asfaltata;Orizzontale;Pioggia in atto;Normale;Buona;Ore Diurne;1;0;0;1;;;-1;1;Autovettura privata;In marcia / fermata / arresto;Conducente;M;Illeso;0;;Non accertato;Inesistente
1824761;13;13/01/2010 08:00;Strada Urbana;VIA DI CASAL PALOCCO;in corrispondenza;;del civico n. ;36;;Scontro frontale/laterale DX fra veicoli in marcia;Rettilineo;Una carreggiata a doppio senso;Bagnato (pioggia);Asfaltata;Orizzontale;Pioggia in atto;Normale;Buona;Ore Diurne;1;0;0;1;;;-1;2;Ciclomotore;In marcia / fermata / arresto;Conducente;M;Rimandato;0;NON DECEDUTO;Non accertato;Inesistente