Protocollo;Gruppo;DataOraIncidente;Localizzazione1;STRADA1;Localizzazione2;STRADA2;Strada02;Chilometrica;DaSpecificare;NaturaIncidente;particolaritastrade;TipoStrada;FondoStradale;Pavimentazione;Segnaletica;CondizioneAtmosferica;Traffico;Visibilita;Illuminazione;NUM_FERITI;NUM_RISERVATA;NUM_MORTI;NUM_ILLESI;Longitudine;Latitudine;Confermato;Progressivo;TipoVeicolo;StatoVeicolo;TipoPersona;Sesso;Tipolesione;Deceduto;DecedutoDopo;CinturaCascoUtilizzato;Airbag
1824993;1;10/01/2010 02:25;Strada Urbana;VIA BARTOLOMEO FILIPPERI;all'intersezione con;VIA GUSTAVO MODENA;VIA GUSTAVO MODENA;;;Scontro frontale/laterale DX fra veicoli in marcia;Incrocio;Due carreggiate;Bagnato (pioggia);Acciotolata;Verticale;Pioggia in atto;Normale;Sufficiente;Sufficiente;1;0;0;3;;;-1;2;Autovettura privata;In marcia / fermata / arresto;Passeggero;M;Illeso;0;;Non accertato;Inesistente
1824994;1;10/01/2010 03:15;Strada Urbana;VIA LIBERIANA;all'intersezione con;VIA DI S. MARIA MAGGIORE;VIA DI S. MARIA MAGGIORE;;;Tamponamento;Intersezione stradale segnalata;Una carreggiata a senso unico di marcia;Bagnato (pioggia);Asfaltata;Verticale ed orizzontale;Pioggia in atto;Scarso;Sufficiente;Sufficiente;2;0;0;9;;;-1;1;Autovettura privata;In marcia / fermata / arresto;Conducente;M;Illeso;0;;Non accertato;Inesploso
1824994;1;10/01/2010 03:15;Strada Urbana;VIA LIBERIANA;all'intersezione con;VIA DI S. MARIA MAGGIORE;VIA DI S. MARIA MAGGIORE;;;Tamponamento;Intersezione stradale segnalata;Una carreggiata a senso unico di marcia;Bagnato (pioggia);Asfaltata;Verticale ed orizzontale;Pioggia in atto;Scarso;Sufficiente;Sufficiente;2;0;0;9;;;-1;1;Autovettura privata;In marcia / fermata / arresto;Passeggero;M;Illeso;0;;Non accertato;Inesistente
1824994;1;10/01/2010 03:15;Strada Urbana;VIA LIBERIANA;all'intersezione con;VIA DI S. MARIA MAGGIORE;VIA DI S. MARIA MAGGIORE;;;Tamponamento;Intersezione stradale segnalata;Una carreggiata a senso unico di marcia;Bagnato (pioggia);Asfaltata;Verticale ed orizzontale;Pioggia in atto;Scarso;Sufficiente;Sufficiente;2;0;0;9;;;-1;1;Autovettura privata;In marcia / fermata / arresto;Passeggero;M;Illeso;0;;Non accertato;Inesistente
1824994;1;10/01/2010 03:15;Strada Urbana;VIA LIBERIANA;all'intersezione con;VIA DI S. MARIA MAGGIORE;VIA DI S. MARIA MAGGIORE;;;Tamponamento;Intersezione stradale segnalata;Una carreggiata a senso unico di marcia;Bagnato (pioggia);Asfaltata;Verticale ed orizzontale;Pioggia in atto;Scarso;Sufficiente;Sufficiente;2;0;0;9;;;-1;1;Autovettura privata;In marcia / fermata / arresto;Passeggero;F;Illeso;0;;Non accertato;Inesistente
1824994;1;10/01/2010 03:15;Strada Urbana;VIA LIBERIANA;all'intersezione con;VIA DI S. MARIA MAGGIORE;VIA DI S. MARIA MAGGIORE;;;Tamponamento;Intersezione stradale segnalata;Una carreggiata a senso unico di marcia;Bagnato (pioggia);Asfaltata;Verticale ed orizzontale;Pioggia in atto;Scarso;Sufficiente;Sufficiente;2;0;0;9;;;-1;2;Autovettura privata;In marcia / fermata / arresto;Conducente;F;Rifiuta cure immediate;0;NON DECEDUTO;Utilizzato;Inesploso
1824994;1;10/01/2010 03:15;Strada Urbana;VIA LIBERIANA;all'intersezione con;VIA DI S. MARIA MAGGIORE;VIA DI S. MARIA MAGGIORE;;;Tamponamento;Intersezione stradale segnalata;Una carreggiata a senso unico di marcia;Bagnato (pioggia);Asfaltata;Verticale ed orizzontale;Pioggia in atto;Scarso;Sufficiente;Sufficiente;2;0;0;9;;;-1;2;Autovettura privata;In marcia / fermata / arresto;Passeggero;M;Illeso;0;;Non accertato;Inesistente
1824994;1;10/01/2010 03:15;Strada Urbana;VIA LIBERIANA;all'intersezione con;VIA DI S. MARIA MAGGIORE;VIA DI S. MARIA MAGGIORE;;;Tamponamento;Intersezione stradale segnalata;Una carreggiata a senso unico di marcia;Bagnato (pioggia);Asfaltata;Verticale ed orizzontale;Pioggia in atto;Scarso;Sufficiente;Sufficiente;2;0;0;9;;;-1;2;Autovettura privata;In marcia / fermata / arresto;Passeggero;F;Rifiuta cure immediate;0;NON DECEDUTO;Non accertato;Inesistente
1824994;1;10/01/2010 03:15;Strada Urbana;VIA LIBERIANA;all'intersezione con;VIA DI S. MARIA MAGGIORE;VIA DI S. MARIA MAGGIORE;;;Tamponamento;Intersezione stradale segnalata;Una carreggiata a senso unico di marcia;Bagnato (pioggia);Asfaltata;Verticale ed orizzontale;Pioggia in atto;Scarso;Sufficiente;Sufficiente;2;0;0;9;;;-1;2;Autovettura privata;In marcia / fermata / arresto;Passeggero;F;Illeso;0;;Non accertato;Inesistente
1824994;1;10/01/2010 03:15;Strada Urbana;VIA LIBERIANA;all'intersezione con;VIA DI S. MARIA MAGGIORE;VIA DI S. MARIA MAGGIORE;;;Tamponamento;Intersezione stradale segnalata;Una carreggiata a senso unico di marcia;Bagnato (pioggia);Asfaltata;Verticale ed orizzontale;Pioggia in atto;Scarso;Sufficiente;Sufficiente;2;0;0;9;;;-1;3;Autovettura privata;In marcia / fermata / arresto;Conducente;M;Illeso;0;;Utilizzato;Inesploso
1824994;1;10/01/2010 03:15;Strada Urbana;VIA LIBERIANA;all'intersezione con;VIA DI S. MARIA MAGGIORE;VIA DI S. MARIA MAGGIORE;;;Tamponamento;Intersezione stradale segnalata;Una carreggiata a senso unico di marcia;Bagnato (pioggia);Asfaltata;Verticale ed orizzontale;Pioggia in atto;Scarso;Sufficiente;Sufficiente;2;0;0;9;;;-1;3;Autovettura privata;In marcia / fermata / arresto;Passeggero;M;Illeso;0;;Utilizzato;Inesploso
1824995;1;10/01/2010 03:45;Strada Urbana;VIA VITTORIO VENETO;all'intersezione semaforizzata con;VIA LEONIDA BISSOLATI;VIA LEONIDA BISSOLATI;;;Scontro frontale fra veicoli in marcia;Intersezione semaforizzata;Una carreggiata a doppio senso;Bagnato (pioggia);Asfaltata;Verticale ed orizzontale;Pioggia in atto;Scarso;Buona;Sufficiente;1;0;0;5;;;-1;1;Autovettura privata;In marcia / fermata / arresto;Conducente;M;Illeso;0;;Non accertato;Esploso
1824995;1;10/01/2010 03:45;Strada Urbana;VIA VITTORIO VENETO;all'intersezione semaforizzata con;VIA LEONIDA BISSOLATI;VIA LEONIDA BISSOLATI;;;Scontro frontale fra veicoli in marcia;Intersezione semaforizzata;Una carreggiata a doppio senso;Bagnato (pioggia);Asfaltata;Verticale ed orizzontale;Pioggia in atto;Scarso;Buona;Sufficiente;1;0;0;5;;;-1;1;Autovettura privata;In marcia / fermata / arresto;Passeggero;M;Illeso;0;;Non accertato;Esploso
1824995;1;10/01/2010 03:45;Strada Urbana;VIA VITTORIO VENETO;all'intersezione semaforizzata con;VIA LEONIDA BISSOLATI;VIA LEONIDA BISSOLATI;;;Scontro frontale fra veicoli in marcia;Intersezione semaforizzata;Una carreggiata a doppio senso;Bagnato (pioggia);Asfaltata;Verticale ed orizzontale;Pioggia in atto;Scarso;Buona;Sufficiente;1;0;0;5;;;-1;1;Autovettura privata;In marcia / fermata / arresto;Passeggero;M;Illeso;0;;Non accertato;Inesistente
1824995;1;10/01/2010 03:45;Strada Urbana;VIA VITTORIO VENETO;all'intersezione semaforizzata con;VIA LEONIDA BISSOLATI;VIA LEONIDA BISSOLATI;;;Scontro frontale fra veicoli in marcia;Intersezione semaforizzata;Una carreggiata a doppio senso;Bagnato (pioggia);Asfaltata;Verticale ed orizzontale;Pioggia in atto;Scarso;Buona;Sufficiente;1;0;0;5;;;-1;2;Autovettura pubblica;In marcia / fermata / arresto;Conducente;M;Illeso;0;;Non accertato;Esploso
1824995;1;10/01/2010 03:45;Strada Urbana;VIA VITTORIO VENETO;all'intersezione semaforizzata con;VIA LEONIDA BISSOLATI;VIA LEONIDA BISSOLATI;;;Scontro frontale fra veicoli in marcia;Intersezione semaforizzata;Una carreggiata a doppio senso;Bagnato (pioggia);Asfaltata;Verticale ed orizzontale;Pioggia in atto;Scarso;Buona;Sufficiente;1;0;0;5;;;-1;2;Autovettura pubblica;In marcia / fermata / arresto;Passeggero;M;Rifiuta cure immediate;0;NON DECEDUTO;Non accertato;Inesistente
1824995;1;10/01/2010 03:45;Strada Urbana;VIA VITTORIO VENETO;all'intersezione semaforizzata con;VIA LEONIDA BISSOLATI;VIA LEONIDA BISSOLATI;;;Scontro frontale fra veicoli in marcia;Intersezione semaforizzata;Una carreggiata a doppio senso;Bagnato (pioggia);Asfaltata;Verticale ed orizzontale;Pioggia in atto;Scarso;Buona;Sufficiente;1;0;0;5;;;-1;2;Autovettura pubblica;In marcia / fermata / arresto;Passeggero;M;Illeso;0;;Non accertato;Inesistente
1824996;1;10/01/2010 19:00;Strada Urbana;VIA DANDOLO;da specificare;;;;fronte civ. 4;Investimento di pedone;Rettilineo;Una carreggiata a senso unico di marcia;Asciutto;Asfaltata;Verticale ed orizzontale;Nuvoloso;Normale;Sufficiente;Sufficiente;2;0;0;1;;;-1;;;;Pedone;F;Rimandato;0;NON DECEDUTO;;
1824996;1;10/01/2010 19:00;Strada Urbana;VIA DANDOLO;da specificare;;;;fronte civ. 4;Investimento di pedone;Rettilineo;Una carreggiata a senso unico di marcia;Asciutto;Asfaltata;Verticale ed orizzontale;Nuvoloso;Normale;Sufficiente;Sufficiente;2;0;0;1;;;-1;;;;Pedone;F;Rimandato;0;NON DECEDUTO;;
1824996;1;10/01/2010 19:00;Strada Urbana;VIA DANDOLO;da specificare;;;;fronte civ. 4;Investimento di pedone;Rettilineo;Una carreggiata a senso unico di marcia;Asciutto;Asfaltata;Verticale ed orizzontale;Nuvoloso;Normale;Sufficiente;Sufficiente;2;0;0;1;;;-1;1;Autovettura privata;In marcia / fermata / arresto;Conducente;M;Illeso;0;;Non accertato;Inesistente
1824997;1;11/01/2010 07:15;Strada Urbana;PIAZZA DI PORTA S. PAOLO;da specificare;;;;altezza fermata bus ATAC n° 70927;Investimento di pedone;Curva a visuale libera;Una carreggiata a senso unico di marcia;Bagnato (pioggia);Acciotolata;Verticale ed orizzontale;Pioggia in atto;Normale;Buona;Ore Diurne;1;0;0;1;;;-1;;;;Pedone;F;Ricoverato;0;NON DECEDUTO;;
1824997;1;11/01/2010 07:15;Strada Urbana;PIAZZA DI PORTA S. PAOLO;da specificare;;;;altezza fermata bus ATAC n° 70927;Investimento di pedone;Curva a visuale libera;Una carreggiata a senso unico di marcia;Bagnato (pioggia);Acciotolata;Verticale ed orizzontale;Pioggia in atto;Normale;Buona;Ore Diurne;1;0;0;1;;;-1;1;Autobus urbano;In marcia / fermata / arresto;Conducente;M;Illeso;0;;Non accertato;Inesistente
1824998;1;11/01/2010 08:50;Strada Urbana;VIA MARSALA;in prossimità;;del civico n. ;65;;Infortunio per caduta del veicolo;Rettilineo;Una carreggiata a senso unico di marcia;Bagnato (pioggia);Acciotolata;Verticale ed orizzontale;Pioggia in atto;Normale;Buona;Ore Diurne;1;0;0;0;;;-1;1;Motociclo con passeggero;In marcia / fermata / arresto;Conducente;M;Ricoverato;0;NON DECEDUTO;Non accertato;Inesistente
1824999;1;11/01/2010 09:30;Strada Urbana;VIALE MANZONI;all'intersezione con;VIA LUIGI LUZZATTI;VIA LUIGI LUZZATTI;;;Scontro frontale/laterale DX fra veicoli in marcia;Incrocio;Una carreggiata a doppio senso;Bagnato (umidità in atto);Asfaltata;Verticale ed orizzontale;Nuvoloso;Intenso;Buona;Ore Diurne;1;0;0;1;;;-1;1;Autovettura privata;In marcia / fermata / arresto;Conducente;M;Illeso;0;;Non accertato;Inesistente
1824999;1;11/01/2010 09:30;Strada Urbana;VIALE MANZONI;all'intersezione con;VIA LUIGI LUZZATTI;VIA LUIGI LUZZATTI;;;Scontro frontale/laterale DX fra veicoli in marcia;Incrocio;Una carreggiata a doppio senso;Bagnato (umidità in atto);Asfaltata;Verticale ed orizzontale;Nuvoloso;Intenso;Buona;Ore Diurne;1;0;0;1;;;-1;2;Motociclo a solo;In marcia / fermata / arresto;Conducente;M;Rimandato;0;NON DECEDUTO;Non accertato;Inesistente
1825000;1;11/01/2010 11:30;Strada Urbana;VIA DELL'AMBA ARADAM;da specificare;;;;fronte civ. 16;Scontro frontale/laterale SX fra veicoli in marcia;Rettilineo;Una carreggiata a doppio senso;Bagnato (umidità in atto);Asfaltata;Verticale ed orizzontale;Nuvoloso;Intenso;Buona;Ore Diurne;1;0;0;2;4;;-1;1;Autovettura pubblica;In marcia / fermata / arresto;Conducente;M;Rifiuta cure immediate;0;NON DECEDUTO;Non accertato;Inesistente
1825000;1;11/01/2010 11:30;Strada Urbana;VIA DELL'AMBA ARADAM;da specificare;;;;fronte civ. 16;Scontro frontale/laterale SX fra veicoli in marcia;Rettilineo;Una carreggiata a doppio senso;Bagnato (umidità in atto);Asfaltata;Verticale ed orizzontale;Nuvoloso;Intenso;Buona;Ore Diurne;1;0;0;2;4;;-1;2;Autovettura privata;In marcia / fermata / arresto;Conducente;M;Illeso;0;;Non accertato;Inesistente
1825000;1;11/01/2010 11:30;Strada Urbana;VIA DELL'AMBA ARADAM;da specificare;;;;fronte civ. 16;Scontro frontale/laterale SX fra veicoli in marcia;Rettilineo;Una carreggiata a doppio senso;Bagnato (umidità in atto);Asfaltata;Verticale ed orizzontale;Nuvoloso;Intenso;Buona;Ore Diurne;1;0;0;2;4;;-1;2;Autovettura privata;In marcia / fermata / arresto;Passeggero;F;Illeso;0;;Non accertato;Inesistente
1825001;1;12/01/2010 07:45;Strada Urbana;VIA DANDOLO;in prossimità;;del civico n. ;40;;Veicolo in marcia contro ostacolo accidentale;Rettilineo;Una carreggiata a doppio senso;Bagnato (umidità in atto);Asfaltata;Verticale ed orizzontale;Nuvoloso;Normale;Buona;Ore Diurne;1;0;0;1;;;-1;1;Motociclo a solo;In marcia / fermata / arresto;Conducente;M;Rimandato;0;NON DECEDUTO;Non accertato;Inesistente
1825001;1;12/01/2010 07:45;Strada Urbana;VIA DANDOLO;in prossimità;;del civico n. ;40;;Veicolo in marcia contro ostacolo accidentale;Rettilineo;Una carreggiata a doppio senso;Bagnato (umidità in atto);Asfaltata;Verticale ed orizzontale;Nuvoloso;Normale;Buona;Ore Diurne;1;0;0;1;;;-1;2;Autovettura privata;In marcia / fermata / arresto;Conducente;M;Illeso;0;;Non accertato;Inesistente
1825002;1;12/01/2010 09:00;Strada Urbana;VIA PIEMONTE;all'intersezione con;VIA SALLUSTIANA;VIA SALLUSTIANA;;;Veicolo in marcia contro ostacolo accidentale;Incrocio;Una carreggiata a senso unico di marcia;Asciutto;Asfaltata;Assente;Sereno;Normale;Buona;Ore Diurne;1;0;0;0;;;-1;1;Motociclo a solo;In marcia / fermata / arresto;Conducente;M;Rimandato;0;NON DECEDUTO;Utilizzato;Inesistente
1825003;1;12/01/2010 09:00;Strada Urbana;PIAZZA DI PORTA CAPENA;all'intersezione con;VIALE AVENTINO;VIALE AVENTINO;;;Scontro laterale fra veicoli in marcia;Incrocio;Una carreggiata a senso unico di marcia;Asciutto;Asfaltata;Verticale ed orizzontale;Nuvoloso;Intenso;Buona;Ore Diurne;1;0;0;1;;;-1;1;Autovettura privata;In marcia / fermata / arresto;Conducente;F;Illeso;0;;Non accertato;Inesploso
1825003;1;12/01/2010 09:00;Strada Urbana;PIAZZA DI PORTA CAPENA;all'intersezione con;VIALE AVENTINO;VIALE AVENTINO;;;Scontro laterale fra veicoli in marcia;Incrocio;Una carreggiata a senso unico di marcia;Asciutto;Asfaltata;Verticale ed orizzontale;Nuvoloso;Intenso;Buona;Ore Diurne;1;0;0;1;;;-1;2;Ciclomotore;In marcia / fermata / arresto;Conducente;F;Rimandato;0;NON DECEDUTO;Non accertato;Inesistente
1825004;1;12/01/2010 10:50;Strada Urbana;PIAZZA DI PORTA CAPENA;all'intersezione semaforizzata con;VIA DEI CERCHI;VIA DEI CERCHI;;;Tamponamento;Intersezione semaforizzata;Una carreggiata a senso unico di marcia;Asciutto;Asfaltata;Verticale ed orizzontale;Sereno;Intenso;Buona;Ore Diurne;1;0;0;1;;;-1;1;Motociclo a solo;In marcia / fermata / arresto;Conducente;M;Rimandato;0;NON DECEDUTO;Non accertato;Inesistente
1825004;1;12/01/2010 10:50;Strada Urbana;PIAZZA DI PORTA CAPENA;all'intersezione semaforizzata con;VIA DEI CERCHI;VIA DEI CERCHI;;;Tamponamento;Intersezione semaforizzata;Una carreggiata a senso unico di marcia;Asciutto;Asfaltata;Verticale ed orizzontale;Sereno;Intenso;Buona;Ore Diurne;1;0;0;1;;;-1;2;Autovettura privata;In marcia / fermata / arresto;Conducente;M;Illeso;0;;Non accertato;Inesistente
1825005;1;12/01/2010 15:30;Strada Urbana;VIA DEI LATERANI;in prossimità;;del palo luce n. ;2;;Investimento di pedone;Rettilineo;Una carreggiata a doppio senso;Asciutto;Asfaltata;Verticale ed orizzontale;Sereno;Intenso;Buona;Ore Diurne;1;0;0;2;;;-1;;;;Pedone;F;Rimandato;0;NON DECEDUTO;;
1825005;1;12/01/2010 15:30;Strada Urbana;VIA DEI LATERANI;in prossimità;;del palo luce n. ;2;;Investimento di pedone;Rettilineo;Una carreggiata a doppio senso;Asciutto;Asfaltata;Verticale ed orizzontale;Sereno;Intenso;Buona;Ore Diurne;1;0;0;2;;;-1;;;;Pedone;M;Illeso;0;;;
1825005;1;12/01/2010 15:30;Strada Urbana;VIA DEI LATERANI;in prossimità;;del palo luce n. ;2;;Investimento di pedone;Rettilineo;Una carreggiata a doppio senso;Asciutto;Asfaltata;Verticale ed orizzontale;Sereno;Intenso;Buona;Ore Diurne;1;0;0;2;;;-1;1;Motociclo a solo;In marcia / fermata / arresto;Conducente;M;Illeso;0;;Non accertato;Inesistente
1825006;1;12/01/2010 15:40;Strada Urbana;VIA EMANUELE FILIBERTO;in prossimità;;del civico n. ;92;;Scontro laterale fra veicoli in marcia;Rettilineo;Una carreggiata a doppio senso;Asciutto;Asfaltata;Verticale ed orizzontale;Sereno;Scarso;Buona;Ore Diurne;1;0;0;1;;;-1;1;Motociclo a solo;In marcia / fermata / arresto;Conducente;M;Rimandato;0;NON DECEDUTO;Non accertato;Inesistente
1825006;1;12/01/2010 15:40;Strada Urbana;VIA EMANUELE FILIBERTO;in prossimità;;del civico n. ;92;;Scontro laterale fra veicoli in marcia;Rettilineo;Una carreggiata a doppio senso;Asciutto;Asfaltata;Verticale ed orizzontale;Sereno;Scarso;Buona;Ore Diurne;1;0;0;1;;;-1;2;Autovettura privata;In marcia / fermata / arresto;Conducente;M;Illeso;0;;Non accertato;Inesistente
1825007;1;13/01/2010 11:30;Strada Urbana;TRAFORO UMBERTO I;da specificare;;;;.;Veicolo in marcia contro ostacolo accidentale;Rettilineo;Una carreggiata a doppio senso;Viscido da liquidi oleosi;In cubetti di porfido;Verticale ed orizzontale;Pioggia in atto;Normale;Buona;Ore Diurne;1;0;0;0;;;-1;1;Motociclo a solo;In marcia / fermata / arresto;Conducente;M;Rimandato;0;NON DECEDUTO;Utilizzato;Inesistente
1825008;1;13/01/2010 21:45;Strada Urbana;VIA DELL'AMBA ARADAM;in prossimità;;del civico n. ;22;;Investimento di pedone;Rettilineo;Una carreggiata a senso unico di marcia;Bagnato (pioggia);Asfaltata;Verticale ed orizzontale;Nuvoloso;Normale;Buona;Sufficiente;1;0;0;0;;;-1;;;;Pedone;M;Rimandato;0;NON DECEDUTO;;
1825009;1;15/01/2010 15:05;Strada Urbana;VIALE MARCO POLO;in prossimità;;del palo luce n. ;65;;Tamponamento Multiplo;Rettilineo;Due carreggiate;Asciutto;Asfaltata;Verticale ed orizzontale;Sereno;Normale;Buona;Ore Diurne;2;0;0;2;;;-1;1;Autocarro inferiore 35 q.;In marcia / fermata / arresto;Conducente;M;Rifiuta cure immediate;0;NON DECEDUTO;Utilizzato;Inesistente
1825009;1;15/01/2010 15:05;Strada Urbana;VIALE MARCO POLO;in prossimità;;del palo luce n. ;65;;Tamponamento Multiplo;Rettilineo;Due carreggiate;Asciutto;Asfaltata;Verticale ed orizzontale;Sereno;Normale;Buona;Ore Diurne;2;0;0;2;;;-1;2;Autovettura privata;In marcia / fermata / arresto;Conducente;F;Rimandato;0;NON DECEDUTO;Non accertato;Inesistente
1825009;1;15/01/2010 15:05;Strada Urbana;VIALE MARCO POLO;in prossimità;;del palo luce n. ;65;;Tamponamento Multiplo;Rettilineo;Due carreggiate;Asciutto;Asfaltata;Verticale ed orizzontale;Sereno;Normale;Buona;Ore Diurne;2;0;0;2;;;-1;3;Autocarro inferiore 35 q.;In marcia / fermata / arresto;Conducente;M;Illeso;0;;Utilizzato;Inesistente
1825009;1;15/01/2010 15:05;Strada Urbana;VIALE MARCO POLO;in prossimità;;del palo luce n. ;65;;Tamponamento Multiplo;Rettilineo;Due carreggiate;Asciutto;Asfaltata;Verticale ed orizzontale;Sereno;Normale;Buona;Ore Diurne;2;0;0;2;;;-1;3;Autocarro inferiore 35 q.;In marcia / fermata / arresto;Passeggero;M;Illeso;0;;Utilizzato;Inesistente
1825010;10;15/01/2010 07:10;Altra strada;CIRCONVALLAZIONE ORIENTALE;in prossimità;;del civico n. ;4700;;Veicolo in marcia contro ostacolo fisso;Rettilineo;Una carreggiata a senso unico di marcia;Asciutto;Asfaltata;Assente;Nuvoloso;Normale;Buona;Ore Diurne;1;0;0;0;;;-1;1;Autovettura privata;In marcia / fermata / arresto;Conducente;M;Rimandato;0;NON DECEDUTO;Non accertato;Inesistente
1825018;11;15/01/2010 07:35;Strada Urbana;VIA ARDEATINA;all'intersezione con;SVINCOLO GRA;SVINCOLO GRA;;;Scontro laterale fra veicoli in marcia;Incrocio;Una carreggiata a doppio senso;Asciutto;Asfaltata;Verticale ed orizzontale;Sereno;Normale;Buona;Ore Diurne;0;0;0;3;;;-1;1;Autovettura privata;In marcia / fermata / arresto;Conducente;F;Illeso;0;;Non accertato;Inesistente
1825018;11;15/01/2010 07:35;Strada Urbana;VIA ARDEATINA;all'intersezione con;SVINCOLO GRA;SVINCOLO GRA;;;Scontro laterale fra veicoli in marcia;Incrocio;Una carreggiata a doppio senso;Asciutto;Asfaltata;Verticale ed orizzontale;Sereno;Normale;Buona;Ore Diurne;0;0;0;3;;;-1;2;Autocarro superiore 35 q.;In marcia / fermata / arresto;Conducente;M;Illeso;0;;Non accertato;Inesistente
1825018;11;15/01/2010 07:35;Strada Urbana;VIA ARDEATINA;all'intersezione con;SVINCOLO GRA;SVINCOLO GRA;;;Scontro laterale fra veicoli in marcia;Incrocio;Una carreggiata a doppio senso;Asciutto;Asfaltata;Verticale ed orizzontale;Sereno;Normale;Buona;Ore Diurne;0;0;0;3;;;-1;2;Autocarro superiore 35 q.;In marcia / fermata / arresto;Passeggero;M;Illeso;0;;Non accertato;Inesistente
1825019;11;15/01/2010 22:00;Strada Urbana;VIA DEI RINUCCINI;all'intersezione con;VIA DEI SAMPIERI;VIA DEI SAMPIERI;;;Scontro frontale fra veicoli in marcia;Intersezione stradale segnalata;Una carreggiata a senso unico di marcia;Asciutto;Asfaltata;Verticale ed orizzontale;Sereno;Scarso;Buona;Sufficiente;0;0;0;1;;;-1;1;Autovettura privata;In marcia / fermata / arresto;Conducente;F;Illeso;0;;Utilizzato;Inesistente
1825021;12;15/01/2010 12:05;Strada Urbana;VIALE STEFANO GRADI;da specificare;;;;in prossimità di via Elio Lampridio Cerva;Veicolo in marcia contro veicolo in sosta;Rettilineo;Due carreggiate;Asciutto;Asfaltata;Assente;Nuvoloso;Scarso;Buona;Ore Diurne;0;0;0;1;;;-1;2;Autovettura privata;In marcia / fermata / arresto;Conducente;F;Illeso;0;;Utilizzato;Inesistente
1825022;13;01/01/2010 08:50;Provinciale;VIA LITORANEA;in prossimità;;della chilometrica ;2,8;;Scontro frontale/laterale DX fra veicoli in marcia;Rettilineo;Una carreggiata a doppio senso;Asciutto;Asfaltata;Verticale ed orizzontale;Sereno;Normale;Buona;Ore Diurne;0;0;0;2;;;-1;1;Autovettura privata;In marcia / fermata / arresto;Conducente;F;Illeso;0;;Non accertato;Inesploso
1825022;13;01/01/2010 08:50;Provinciale;VIA LITORANEA;in prossimità;;della chilometrica ;2,8;;Scontro frontale/laterale DX fra veicoli in marcia;Rettilineo;Una carreggiata a doppio senso;Asciutto;Asfaltata;Verticale ed orizzontale;Sereno;Normale;Buona;Ore Diurne;0;0;0;2;;;-1;2;Autocarro inferiore 35 q.;In marcia / fermata / arresto;Conducente;M;Illeso;0;;Non accertato;Inesistente
1825023;13;13/01/2010 08:10;Strada Urbana;VIA PADRE MASSARUTI;in prossimità;;del civico n. ;28/30;;Veicolo in marcia contro ostacolo accidentale;Rettilineo;Una carreggiata a doppio senso;Bagnato (pioggia);Asfaltata;Assente;Pioggia in atto;Scarso;Sufficiente;Ore Diurne;0;0;0;1;;;-1;1;Autovettura privata;In marcia / fermata / arresto;Conducente;M;Illeso;0;;Utilizzato;Inesistente
1825024;13;10/01/2010 20:00;Strada Urbana;VIA DI ACQUA ROSSA;da specificare;;;;dopo la curva;Scontro frontale/laterale DX fra veicoli in marcia;Rettilineo;Una carreggiata a doppio senso;Bagnato (pioggia);Asfaltata;Orizzontale;Nuvoloso;Scarso;Sufficiente;Inesistente;0;0;0;1;;;-1;1;Autovettura privata;In marcia / fermata / arresto;Conducente;F;Illeso;0;;Non accertato;Inesploso
1825025;13;14/01/2010 20:00;Strada Urbana;VIA DEL CANALE DELLA LINGUA;in corrispondenza;;del civico n. ;48;;Tamponamento Multiplo;Rettilineo;Una carreggiata a doppio senso;Asciutto;Asfaltata;Verticale ed orizzontale;Sereno;Intenso;Buona;Sufficiente;0;0;0;3;;;-1;1;Autovettura privata;In marcia / fermata / arresto;Conducente;M;Illeso;0;;Non accertato;Inesploso
1825025;13;14/01/2010 20:00;Strada Urbana;VIA DEL CANALE DELLA LINGUA;in corrispondenza;;del civico n. ;48;;Tamponamento Multiplo;Rettilineo;Una carreggiata a doppio senso;Asciutto;Asfaltata;Verticale ed orizzontale;Sereno;Intenso;Buona;Sufficiente;0;0;0;3;;;-1;2;Autovettura privata;In marcia / fermata / arresto;Conducente;M;Illeso;0;;Non accertato;Inesploso
1825025;13;14/01/2010 20:00;Strada Urbana;VIA DEL CANALE DELLA LINGUA;in corrispondenza;;del civico n. ;48;;Tamponamento Multiplo;Rettilineo;Una carreggiata a doppio senso;Asciutto;Asfaltata;Verticale ed orizzontale;Sereno;Intenso;Buona;Sufficiente;0;0;0;3;;;-1;3;Autovettura privata;In marcia / fermata / arresto;Conducente;F;Illeso;0;;Non accertato;Inesploso
1825026;13;14/01/2010 22:00;Strada Urbana;VIA DI MACCHIA SAPONARA;all'intersezione con;VIA BRUNO MOLAJOLI;VIA BRUNO MOLAJOLI;;;Scontro laterale fra veicoli in marcia;Incrocio;Una carreggiata a doppio senso;Asciutto;Asfaltata;Verticale ed orizzontale;Sereno;Scarso;Buona;Sufficiente;1;0;0;1;;;-1;1;Autovettura privata;In marcia / fermata / arresto;Conducente;M;Illeso;0;;Non accertato;Inesploso
1825026;13;14/01/2010 22:00;Strada Urbana;VIA DI MACCHIA SAPONARA;all'intersezione con;VIA BRUNO MOLAJOLI;VIA BRUNO MOLAJOLI;;;Scontro laterale fra veicoli in marcia;Incrocio;Una carreggiata a doppio senso;Asciutto;Asfaltata;Verticale ed orizzontale;Sereno;Scarso;Buona;Sufficiente;1;0;0;1;;;-1;2;Motociclo con passeggero;In marcia / fermata / arresto;Conducente;M;Rimandato;0;NON DECEDUTO;Non accertato;Inesploso