Protocollo;Gruppo;DataOraIncidente;Localizzazione1;STRADA1;Localizzazione2;STRADA2;Strada02;Chilometrica;DaSpecificare;NaturaIncidente;particolaritastrade;TipoStrada;FondoStradale;Pavimentazione;Segnaletica;CondizioneAtmosferica;Traffico;Visibilita;Illuminazione;NUM_FERITI;NUM_RISERVATA;NUM_MORTI;NUM_ILLESI;Longitudine;Latitudine;Confermato;Progressivo;TipoVeicolo;StatoVeicolo;TipoPersona;Sesso;Tipolesione;Deceduto;DecedutoDopo;CinturaCascoUtilizzato;Airbag
1825188;2;16/01/2010 17:30;Strada Urbana;VIALE DAVID LUBIN;da specificare;;;;altezza VIA DI VILLA RUFFO;Veicolo in marcia contro ostacolo accidentale;Pendenza;Una carreggiata a doppio senso;Asciutto;Asfaltata;Assente;Sereno;Scarso;Buona;Sufficiente;0;0;0;1;;;-1;1;Autovettura privata;In marcia / fermata / arresto;Conducente;F;Illeso;0;;Non accertato;Inesistente
1825189;2;16/01/2010 05:00;Strada Urbana;VIA DEI CAMPI SPORTIVI;in corrispondenza;;del palo luce n. ;97;;Veicolo in marcia contro ostacolo fisso;Curva a visuale libera;Una carreggiata a senso unico di marcia;Asciutto;Asfaltata;Orizzontale;Sereno;Scarso;Sufficiente;Sufficiente;0;0;0;1;;;-1;1;Autovettura privata;In marcia / fermata / arresto;Conducente;M;Illeso;0;;Non accertato;Inesistente
1825190;2;16/01/2010 06:20;Strada Urbana;VIA DEL FORO ITALICO;da specificare;;;;rampa d'uscita Via dei Campi Sportivi dir G Onesti;Veicolo in marcia contro ostacolo fisso;Curva a visuale libera;Una carreggiata a senso unico di marcia;Asciutto;Asfaltata;Orizzontale;Sereno;Scarso;Sufficiente;Sufficiente;0;0;0;1;;;-1;1;Autovettura privata;In marcia / fermata / arresto;Conducente;M;Illeso;0;;Non accertato;Inesploso
1825191;2;16/01/2010 10:50;Strada Urbana;VIA SALARIA;all'intersezione con;VIA ALFREDO CATALANI;VIA ALFREDO CATALANI;;;Scontro frontale/laterale DX fra veicoli in marcia;Intersezione non regolata/non segnalata;Due carreggiate;Asciutto;Asfaltata;Verticale ed orizzontale;Sereno;Normale;Buona;Ore Diurne;0;0;0;3;;;-1;1;Autovettura privata;In marcia / fermata / arresto;Conducente;M;Illeso;0;;Non accertato;Inesploso
1825191;2;16/01/2010 10:50;Strada Urbana;VIA SALARIA;all'intersezione con;VIA ALFREDO CATALANI;VIA ALFREDO CATALANI;;;Scontro frontale/laterale DX fra veicoli in marcia;Intersezione non regolata/non segnalata;Due carreggiate;Asciutto;Asfaltata;Verticale ed orizzontale;Sereno;Normale;Buona;Ore Diurne;0;0;0;3;;;-1;1;Autovettura privata;In marcia / fermata / arresto;Passeggero;F;Illeso;0;;Non accertato;Inesploso
1825191;2;16/01/2010 10:50;Strada Urbana;VIA SALARIA;all'intersezione con;VIA ALFREDO CATALANI;VIA ALFREDO CATALANI;;;Scontro frontale/laterale DX fra veicoli in marcia;Intersezione non regolata/non segnalata;Due carreggiate;Asciutto;Asfaltata;Verticale ed orizzontale;Sereno;Normale;Buona;Ore Diurne;0;0;0;3;;;-1;2;Motociclo a solo;In marcia / fermata / arresto;Conducente;M;Illeso;0;;Non accertato;Inesistente
1825192;2;16/01/2010 11:45;Strada Urbana;VIA GUGLIELMO CALDERINI;all'intersezione con;VIA GIUSEPPE SACCONI;VIA GIUSEPPE SACCONI;;;Scontro frontale/laterale DX fra veicoli in marcia;Intersezione stradale segnalata;Due carreggiate;Asciutto;Asfaltata;Verticale ed orizzontale;Sereno;Scarso;Buona;Ore Diurne;0;0;0;2;;;-1;1;Autovettura privata;In marcia / fermata / arresto;Conducente;M;Illeso;0;;Non accertato;Inesploso
1825192;2;16/01/2010 11:45;Strada Urbana;VIA GUGLIELMO CALDERINI;all'intersezione con;VIA GIUSEPPE SACCONI;VIA GIUSEPPE SACCONI;;;Scontro frontale/laterale DX fra veicoli in marcia;Intersezione stradale segnalata;Due carreggiate;Asciutto;Asfaltata;Verticale ed orizzontale;Sereno;Scarso;Buona;Ore Diurne;0;0;0;2;;;-1;2;Autovettura privata;In marcia / fermata / arresto;Conducente;F;Illeso;0;;Non accertato;Inesploso
1825193;2;16/01/2010 14:50;Strada Urbana;VIA SALARIA;in prossimità;;del civico n. ;408;;Scontro laterale fra veicoli in marcia;Rettilineo;Una carreggiata a doppio senso;Bagnato (pioggia);Asfaltata;Verticale ed orizzontale;Sereno;Normale;Buona;Ore Diurne;1;0;0;1;;;-1;1;Autovettura privata;In marcia / fermata / arresto;Conducente;M;Illeso;0;;Utilizzato;Inesploso
1825193;2;16/01/2010 14:50;Strada Urbana;VIA SALARIA;in prossimità;;del civico n. ;408;;Scontro laterale fra veicoli in marcia;Rettilineo;Una carreggiata a doppio senso;Bagnato (pioggia);Asfaltata;Verticale ed orizzontale;Sereno;Normale;Buona;Ore Diurne;1;0;0;1;;;-1;2;Ciclomotore;In marcia / fermata / arresto;Conducente;M;Rimandato;0;NON DECEDUTO;Utilizzato;Inesistente
1825194;2;16/01/2010 18:00;Strada Urbana;PIAZZA GONDAR;in corrispondenza;;del civico n. ;15;;Veicolo in marcia contro veicolo in sosta;Rettilineo;Due carreggiate;Asciutto;Asfaltata;Verticale;Sereno;Normale;Buona;Sufficiente;0;0;0;1;;;-1;2;Autovettura privata;In marcia / fermata / arresto;Conducente;F;Illeso;0;;Esente;Inesistente
1825195;2;17/01/2010 07:00;Strada Urbana;VIA TICINO;in prossimità;;del civico n. ;5:00 AM;;Veicolo in marcia contro veicoli in sosta;Rettilineo;Una carreggiata a senso unico di marcia;Asciutto;Asfaltata;Orizzontale;Nuvoloso;Scarso;Sufficiente;Ore Diurne;0;0;0;1;;;-1;3;Autocarro inferiore 35 q.;In marcia / fermata / arresto;Conducente;M;Illeso;0;;Non accertato;Inesistente
1825196;20;16/01/2010 10:00;Strada Urbana;VIA MONTE DEL GATTO;in corrispondenza;;del palo luce n. ;1;;Veicolo in marcia contro ostacolo accidentale;Rettilineo;Una carreggiata a doppio senso;Asciutto;Con buche;Verticale;Sereno;Scarso;Buona;Ore Diurne;0;0;0;1;;;-1;1;Autovettura privata;In marcia / fermata / arresto;Conducente;M;Illeso;0;;Non accertato;Inesistente
1825197;20;17/01/2010 13:55;Strada Urbana;VIA DEL FORO ITALICO;da specificare;;;;uscita Galleria Giovanni XXIII alt. svicolo Stadio;Veicolo in marcia contro ostacolo fisso;Rettilineo;Una carreggiata a senso unico di marcia;Asciutto;Asfaltata;Verticale ed orizzontale;Nuvoloso;Normale;Buona;Ore Diurne;1;0;0;0;;;-1;1;Motociclo a solo;In marcia / fermata / arresto;Conducente;M;Rimandato;0;NON DECEDUTO;Utilizzato;Inesistente
1825198;20;17/01/2010 20:50;Provinciale entro l'abitato;VIA TIBERINA;in prossimità;;del civico n. ;145;;Veicolo in marcia contro ostacolo fisso;Curva a visuale libera;Una carreggiata a doppio senso;Bagnato (umidità in atto);Asfaltata;Assente;Nuvoloso;Scarso;Sufficiente;Sufficiente;4;0;0;1;;;-1;1;Autovettura privata;In marcia / fermata / arresto;Passeggero;M;Rimandato;0;NON DECEDUTO;Non accertato;Inesistente
1825198;20;17/01/2010 20:50;Provinciale entro l'abitato;VIA TIBERINA;in prossimità;;del civico n. ;145;;Veicolo in marcia contro ostacolo fisso;Curva a visuale libera;Una carreggiata a doppio senso;Bagnato (umidità in atto);Asfaltata;Assente;Nuvoloso;Scarso;Sufficiente;Sufficiente;4;0;0;1;;;-1;1;Autovettura privata;In marcia / fermata / arresto;Passeggero;M;Rimandato;0;NON DECEDUTO;Non accertato;Inesistente
1825198;20;17/01/2010 20:50;Provinciale entro l'abitato;VIA TIBERINA;in prossimità;;del civico n. ;145;;Veicolo in marcia contro ostacolo fisso;Curva a visuale libera;Una carreggiata a doppio senso;Bagnato (umidità in atto);Asfaltata;Assente;Nuvoloso;Scarso;Sufficiente;Sufficiente;4;0;0;1;;;-1;1;Autovettura privata;In marcia / fermata / arresto;Conducente;M;Illeso;0;;Non accertato;Inesistente
1825198;20;17/01/2010 20:50;Provinciale entro l'abitato;VIA TIBERINA;in prossimità;;del civico n. ;145;;Veicolo in marcia contro ostacolo fisso;Curva a visuale libera;Una carreggiata a doppio senso;Bagnato (umidità in atto);Asfaltata;Assente;Nuvoloso;Scarso;Sufficiente;Sufficiente;4;0;0;1;;;-1;1;Autovettura privata;In marcia / fermata / arresto;Passeggero;M;Rimandato;0;NON DECEDUTO;Non accertato;Inesistente
1825198;20;17/01/2010 20:50;Provinciale entro l'abitato;VIA TIBERINA;in prossimità;;del civico n. ;145;;Veicolo in marcia contro ostacolo fisso;Curva a visuale libera;Una carreggiata a doppio senso;Bagnato (umidità in atto);Asfaltata;Assente;Nuvoloso;Scarso;Sufficiente;Sufficiente;4;0;0;1;;;-1;1;Autovettura privata;In marcia / fermata / arresto;Passeggero;M;Rimandato;0;NON DECEDUTO;Non accertato;Inesistente
1825199;20;17/01/2010 21:55;Strada Urbana;VIA CITTA' DI CASTELLO;all'intersezione con;VIA FLAMINIA;VIA FLAMINIA;;;Scontro frontale/laterale SX fra veicoli in marcia;Incrocio;Una carreggiata a doppio senso;Bagnato (umidità in atto);Asfaltata;Verticale;Nuvoloso;Scarso;Sufficiente;Sufficiente;1;0;0;3;;;-1;1;Autovettura privata;In marcia / fermata / arresto;Conducente;F;Illeso;0;;Non accertato;Inesistente
1825199;20;17/01/2010 21:55;Strada Urbana;VIA CITTA' DI CASTELLO;all'intersezione con;VIA FLAMINIA;VIA FLAMINIA;;;Scontro frontale/laterale SX fra veicoli in marcia;Incrocio;Una carreggiata a doppio senso;Bagnato (umidità in atto);Asfaltata;Verticale;Nuvoloso;Scarso;Sufficiente;Sufficiente;1;0;0;3;;;-1;2;Autovettura privata;In marcia / fermata / arresto;Conducente;M;Illeso;0;;Utilizzato;Inesistente
1825199;20;17/01/2010 21:55;Strada Urbana;VIA CITTA' DI CASTELLO;all'intersezione con;VIA FLAMINIA;VIA FLAMINIA;;;Scontro frontale/laterale SX fra veicoli in marcia;Incrocio;Una carreggiata a doppio senso;Bagnato (umidità in atto);Asfaltata;Verticale;Nuvoloso;Scarso;Sufficiente;Sufficiente;1;0;0;3;;;-1;2;Autovettura privata;In marcia / fermata / arresto;Passeggero;F;Illeso;0;;Utilizzato;Inesistente
1825199;20;17/01/2010 21:55;Strada Urbana;VIA CITTA' DI CASTELLO;all'intersezione con;VIA FLAMINIA;VIA FLAMINIA;;;Scontro frontale/laterale SX fra veicoli in marcia;Incrocio;Una carreggiata a doppio senso;Bagnato (umidità in atto);Asfaltata;Verticale;Nuvoloso;Scarso;Sufficiente;Sufficiente;1;0;0;3;;;-1;3;Motociclo a solo;In marcia / fermata / arresto;Conducente;M;Rimandato;0;NON DECEDUTO;Non accertato;Inesistente
1825200;20;18/01/2010 07:30;Provinciale;VIA BRACCIANENSE;in prossimità;;della chilometrica ;12;;Veicolo in marcia contro ostacolo accidentale;Rettilineo;Una carreggiata a doppio senso;Asciutto;Asfaltata;Verticale ed orizzontale;Nuvoloso;Normale;Buona;Ore Diurne;0;0;1;0;;;-1;1;Motociclo a solo;In marcia / fermata / arresto;Conducente;M;Deceduto durante trasporto;-1;;Non accertato;Inesistente
1825201;4;04/01/2010 13:30;Strada Urbana;VIA LUCIANO ZUCCOLI;all'intersezione con;VIA FEDERICO TOZZI;VIA FEDERICO TOZZI;;;Scontro frontale/laterale SX fra veicoli in marcia;Incrocio;Una carreggiata a senso unico di marcia;Asciutto;Asfaltata;Verticale ed orizzontale;Nuvoloso;Normale;Buona;Ore Diurne;0;0;0;4;;;-1;1;Autovettura privata;In marcia / fermata / arresto;Conducente;F;Illeso;0;;Non accertato;Inesistente
1825201;4;04/01/2010 13:30;Strada Urbana;VIA LUCIANO ZUCCOLI;all'intersezione con;VIA FEDERICO TOZZI;VIA FEDERICO TOZZI;;;Scontro frontale/laterale SX fra veicoli in marcia;Incrocio;Una carreggiata a senso unico di marcia;Asciutto;Asfaltata;Verticale ed orizzontale;Nuvoloso;Normale;Buona;Ore Diurne;0;0;0;4;;;-1;1;Autovettura privata;In marcia / fermata / arresto;Passeggero;M;Illeso;0;;Non accertato;Inesistente
1825201;4;04/01/2010 13:30;Strada Urbana;VIA LUCIANO ZUCCOLI;all'intersezione con;VIA FEDERICO TOZZI;VIA FEDERICO TOZZI;;;Scontro frontale/laterale SX fra veicoli in marcia;Incrocio;Una carreggiata a senso unico di marcia;Asciutto;Asfaltata;Verticale ed orizzontale;Nuvoloso;Normale;Buona;Ore Diurne;0;0;0;4;;;-1;1;Autovettura privata;In marcia / fermata / arresto;Passeggero;M;Illeso;0;;Non accertato;Inesistente
1825201;4;04/01/2010 13:30;Strada Urbana;VIA LUCIANO ZUCCOLI;all'intersezione con;VIA FEDERICO TOZZI;VIA FEDERICO TOZZI;;;Scontro frontale/laterale SX fra veicoli in marcia;Incrocio;Una carreggiata a senso unico di marcia;Asciutto;Asfaltata;Verticale ed orizzontale;Nuvoloso;Normale;Buona;Ore Diurne;0;0;0;4;;;-1;2;Quadriciclo leggero;In marcia / fermata / arresto;Conducente;F;Illeso;0;;Non accertato;Inesistente
1825202;6;15/01/2010 22:45;Statale entro l'abitato;VIA TIBURTINA;all'intersezione semaforizzata con;VIA DI PORTONACCIO;VIA DI PORTONACCIO;;;Investimento di pedone;Intersezione semaforizzata;Più di due carreggiate;Asciutto;Asfaltata;Verticale ed orizzontale;Sereno;Scarso;Sufficiente;Sufficiente;3;0;0;0;;;-1;;;;Pedone;M;Rimandato;0;NON DECEDUTO;;
1825202;6;15/01/2010 22:45;Statale entro l'abitato;VIA TIBURTINA;all'intersezione semaforizzata con;VIA DI PORTONACCIO;VIA DI PORTONACCIO;;;Investimento di pedone;Intersezione semaforizzata;Più di due carreggiate;Asciutto;Asfaltata;Verticale ed orizzontale;Sereno;Scarso;Sufficiente;Sufficiente;3;0;0;0;;;-1;1;Motociclo con passeggero;In marcia / fermata / arresto;Conducente;M;Rimandato;0;NON DECEDUTO;Non accertato;Inesistente
1825202;6;15/01/2010 22:45;Statale entro l'abitato;VIA TIBURTINA;all'intersezione semaforizzata con;VIA DI PORTONACCIO;VIA DI PORTONACCIO;;;Investimento di pedone;Intersezione semaforizzata;Più di due carreggiate;Asciutto;Asfaltata;Verticale ed orizzontale;Sereno;Scarso;Sufficiente;Sufficiente;3;0;0;0;;;-1;1;Motociclo con passeggero;In marcia / fermata / arresto;Passeggero;F;Rimandato;0;NON DECEDUTO;Non accertato;Inesistente
1825203;6;17/01/2010 09:15;Provinciale entro l'abitato;VIA PRENESTINA;in corrispondenza;;del civico n. ;32;;Scontro laterale fra veicoli in marcia;Rettilineo;Più di due carreggiate;Asciutto;Asfaltata;Verticale ed orizzontale;Nuvoloso;Scarso;Buona;Ore Diurne;1;0;0;1;;;-1;1;Autovettura privata;In marcia / fermata / arresto;Conducente;F;Illeso;0;;Non accertato;Inesistente
1825203;6;17/01/2010 09:15;Provinciale entro l'abitato;VIA PRENESTINA;in corrispondenza;;del civico n. ;32;;Scontro laterale fra veicoli in marcia;Rettilineo;Più di due carreggiate;Asciutto;Asfaltata;Verticale ed orizzontale;Nuvoloso;Scarso;Buona;Ore Diurne;1;0;0;1;;;-1;2;Motociclo a solo;In marcia / fermata / arresto;Conducente;M;Rimandato;0;NON DECEDUTO;Utilizzato;Inesistente
1825204;6;17/01/2010 19:00;Strada Urbana;VIA DI VILLA CERTOSA;in corrispondenza;;del civico n. ;9;;Scontro frontale fra veicoli in marcia;Rettilineo;Una carreggiata a senso unico di marcia;Asciutto;Asfaltata;Assente;Sereno;Scarso;Buona;Sufficiente;0;0;0;2;;;-1;1;Autovettura privata;In marcia / fermata / arresto;Conducente;M;Illeso;0;;Non accertato;Inesistente
1825204;6;17/01/2010 19:00;Strada Urbana;VIA DI VILLA CERTOSA;in corrispondenza;;del civico n. ;9;;Scontro frontale fra veicoli in marcia;Rettilineo;Una carreggiata a senso unico di marcia;Asciutto;Asfaltata;Assente;Sereno;Scarso;Buona;Sufficiente;0;0;0;2;;;-1;2;Autovettura privata;In marcia / fermata / arresto;Conducente;M;Illeso;0;;Non accertato;Inesistente
1825205;7;15/01/2010 19:00;Strada Urbana;VIA ACHILLE VERTUNNI;all'intersezione con;VIA PUBLIO DE TOMMASI;VIA PUBLIO DE TOMMASI;;;Scontro laterale fra veicoli in marcia;Incrocio;Una carreggiata a doppio senso;Asciutto;Asfaltata;Verticale ed orizzontale;Sereno;Normale;Buona;Sufficiente;0;0;0;2;;;-1;1;Autovettura privata;In marcia / fermata / arresto;Conducente;F;Illeso;0;;Non accertato;Inesistente
1825205;7;15/01/2010 19:00;Strada Urbana;VIA ACHILLE VERTUNNI;all'intersezione con;VIA PUBLIO DE TOMMASI;VIA PUBLIO DE TOMMASI;;;Scontro laterale fra veicoli in marcia;Incrocio;Una carreggiata a doppio senso;Asciutto;Asfaltata;Verticale ed orizzontale;Sereno;Normale;Buona;Sufficiente;0;0;0;2;;;-1;2;Autovettura privata;In marcia / fermata / arresto;Conducente;M;Illeso;0;;Non accertato;Inesistente
1825206;7;16/01/2010 14:00;Strada Urbana;VIALE PALMIRO TOGLIATTI;da specificare;;;;dopo Via Perlasca;Tamponamento;Rettilineo;Una carreggiata a senso unico di marcia;Asciutto;Asfaltata;Verticale ed orizzontale;Sereno;Normale;Buona;Ore Diurne;0;0;0;2;;;-1;1;Autovettura privata;In marcia / fermata / arresto;Conducente;M;Illeso;0;;Non accertato;Inesploso
1825206;7;16/01/2010 14:00;Strada Urbana;VIALE PALMIRO TOGLIATTI;da specificare;;;;dopo Via Perlasca;Tamponamento;Rettilineo;Una carreggiata a senso unico di marcia;Asciutto;Asfaltata;Verticale ed orizzontale;Sereno;Normale;Buona;Ore Diurne;0;0;0;2;;;-1;2;Ciclomotore;In marcia / fermata / arresto;Conducente;M;Illeso;0;;Non accertato;Inesistente
1825207;8;15/01/2010 08:20;Strada Urbana;VIA DEL FOSSO DI S. MAURA;all'intersezione semaforizzata con;VIALE ANTONIO CIAMARRA;VIALE ANTONIO CIAMARRA;;;Scontro frontale/laterale DX fra veicoli in marcia;Intersezione semaforizzata;Una carreggiata a doppio senso;Asciutto;Asfaltata;Verticale ed orizzontale;Sereno;Intenso;Buona;Ore Diurne;0;0;0;2;;;-1;1;Autovettura privata;In marcia / fermata / arresto;Conducente;F;Illeso;0;;Non utilizzato;Inesistente
1825207;8;15/01/2010 08:20;Strada Urbana;VIA DEL FOSSO DI S. MAURA;all'intersezione semaforizzata con;VIALE ANTONIO CIAMARRA;VIALE ANTONIO CIAMARRA;;;Scontro frontale/laterale DX fra veicoli in marcia;Intersezione semaforizzata;Una carreggiata a doppio senso;Asciutto;Asfaltata;Verticale ed orizzontale;Sereno;Intenso;Buona;Ore Diurne;0;0;0;2;;;-1;2;Autovettura privata;In marcia / fermata / arresto;Conducente;M;Illeso;0;;Non accertato;Inesistente
1825208;8;16/01/2010 10:50;Strada Urbana;VIA PRENESTINA;in prossimità;;del civico n. ;1108;;Tamponamento;Rettilineo;Una carreggiata a doppio senso;Asciutto;Asfaltata;Verticale ed orizzontale;Sereno;Normale;Buona;Ore Diurne;1;0;0;5;;;-1;1;Autovettura privata;In marcia / fermata / arresto;Conducente;M;Illeso;0;;Non accertato;Inesploso
1825208;8;16/01/2010 10:50;Strada Urbana;VIA PRENESTINA;in prossimità;;del civico n. ;1108;;Tamponamento;Rettilineo;Una carreggiata a doppio senso;Asciutto;Asfaltata;Verticale ed orizzontale;Sereno;Normale;Buona;Ore Diurne;1;0;0;5;;;-1;1;Autovettura privata;In marcia / fermata / arresto;Passeggero;F;Illeso;0;;Non accertato;Inesistente
1825208;8;16/01/2010 10:50;Strada Urbana;VIA PRENESTINA;in prossimità;;del civico n. ;1108;;Tamponamento;Rettilineo;Una carreggiata a doppio senso;Asciutto;Asfaltata;Verticale ed orizzontale;Sereno;Normale;Buona;Ore Diurne;1;0;0;5;;;-1;2;Autovettura privata;In marcia / fermata / arresto;Conducente;M;Rifiuta cure immediate;0;NON DECEDUTO;Non accertato;Inesploso
1825208;8;16/01/2010 10:50;Strada Urbana;VIA PRENESTINA;in prossimità;;del civico n. ;1108;;Tamponamento;Rettilineo;Una carreggiata a doppio senso;Asciutto;Asfaltata;Verticale ed orizzontale;Sereno;Normale;Buona;Ore Diurne;1;0;0;5;;;-1;2;Autovettura privata;In marcia / fermata / arresto;Passeggero;F;Illeso;0;;Non accertato;Inesploso
1825208;8;16/01/2010 10:50;Strada Urbana;VIA PRENESTINA;in prossimità;;del civico n. ;1108;;Tamponamento;Rettilineo;Una carreggiata a doppio senso;Asciutto;Asfaltata;Verticale ed orizzontale;Sereno;Normale;Buona;Ore Diurne;1;0;0;5;;;-1;2;Autovettura privata;In marcia / fermata / arresto;Passeggero;F;Illeso;0;;Non accertato;Inesistente
1825208;8;16/01/2010 10:50;Strada Urbana;VIA PRENESTINA;in prossimità;;del civico n. ;1108;;Tamponamento;Rettilineo;Una carreggiata a doppio senso;Asciutto;Asfaltata;Verticale ed orizzontale;Sereno;Normale;Buona;Ore Diurne;1;0;0;5;;;-1;2;Autovettura privata;In marcia / fermata / arresto;Passeggero;M;Illeso;0;;Non accertato;Inesistente
1825209;8;16/01/2010 12:45;Strada Urbana;VIALE NUSCO;all'intersezione con;VIA GROTTAMINARDA;VIA GROTTAMINARDA;;;Scontro frontale/laterale DX fra veicoli in marcia;Incrocio;Due carreggiate;Asciutto;Asfaltata;Verticale;Sereno;Scarso;Buona;Ore Diurne;0;0;0;3;;;-1;1;Autovettura privata;In marcia / fermata / arresto;Conducente;M;Illeso;0;;Non accertato;Inesistente
1825209;8;16/01/2010 12:45;Strada Urbana;VIALE NUSCO;all'intersezione con;VIA GROTTAMINARDA;VIA GROTTAMINARDA;;;Scontro frontale/laterale DX fra veicoli in marcia;Incrocio;Due carreggiate;Asciutto;Asfaltata;Verticale;Sereno;Scarso;Buona;Ore Diurne;0;0;0;3;;;-1;1;Autovettura privata;In marcia / fermata / arresto;Passeggero;M;Illeso;0;;Non accertato;Inesistente
1825209;8;16/01/2010 12:45;Strada Urbana;VIALE NUSCO;all'intersezione con;VIA GROTTAMINARDA;VIA GROTTAMINARDA;;;Scontro frontale/laterale DX fra veicoli in marcia;Incrocio;Due carreggiate;Asciutto;Asfaltata;Verticale;Sereno;Scarso;Buona;Ore Diurne;0;0;0;3;;;-1;2;Autovettura privata;In marcia / fermata / arresto;Conducente;M;Illeso;0;;Non accertato;Inesistente
1825210;8;16/01/2010 12:45;Strada Urbana;VIA TORTORICI;in prossimità;;del civico n. ;31;;Veicolo in marcia contro ostacolo accidentale;Rettilineo;Una carreggiata a senso unico di marcia;Asciutto;Asfaltata;Assente;Sereno;Scarso;Buona;Ore Diurne;0;0;0;2;;;-1;1;Autovettura di polizia;In marcia / fermata / arresto;Conducente;M;Illeso;0;;Non accertato;Inesploso
1825210;8;16/01/2010 12:45;Strada Urbana;VIA TORTORICI;in prossimità;;del civico n. ;31;;Veicolo in marcia contro ostacolo accidentale;Rettilineo;Una carreggiata a senso unico di marcia;Asciutto;Asfaltata;Assente;Sereno;Scarso;Buona;Ore Diurne;0;0;0;2;;;-1;1;Autovettura di polizia;In marcia / fermata / arresto;Passeggero;M;Illeso;0;;Non accertato;Inesistente
1825211;8;16/01/2010 16:00;Strada Urbana;VIALE DEI ROMANISTI;da specificare;;;; IN PROSSIMITA' DI VIA MARCO STAZIO PRISCO;Infortunio per sola frenata improvvisa;Rettilineo;Due carreggiate;Asciutto;Con buche;Verticale ed orizzontale;Sereno;Normale;Buona;Ore Diurne;1;0;0;0;;;-1;1;Motociclo a solo;In marcia / fermata / arresto;Conducente;M;Rimandato;0;NON DECEDUTO;Non accertato;Inesistente
1825212;8;16/01/2010 17:30;Provinciale entro l'abitato;VIA PRENESTINA;in prossimità;;del civico n. ;1156;;Scontro frontale fra veicoli in marcia;Rettilineo;Una carreggiata a doppio senso;Asciutto;Asfaltata;Verticale ed orizzontale;Sereno;Intenso;Buona;Ore Diurne;1;0;0;2;;;-1;1;Motociclo a solo;In marcia / fermata / arresto;Conducente;M;Ricoverato;0;NON DECEDUTO;Non accertato;Inesistente
1825212;8;16/01/2010 17:30;Provinciale entro l'abitato;VIA PRENESTINA;in prossimità;;del civico n. ;1156;;Scontro frontale fra veicoli in marcia;Rettilineo;Una carreggiata a doppio senso;Asciutto;Asfaltata;Verticale ed orizzontale;Sereno;Intenso;Buona;Ore Diurne;1;0;0;2;;;-1;2;Autovettura privata;In marcia / fermata / arresto;Conducente;F;Illeso;0;;Non accertato;Inesploso
1825212;8;16/01/2010 17:30;Provinciale entro l'abitato;VIA PRENESTINA;in prossimità;;del civico n. ;1156;;Scontro frontale fra veicoli in marcia;Rettilineo;Una carreggiata a doppio senso;Asciutto;Asfaltata;Verticale ed orizzontale;Sereno;Intenso;Buona;Ore Diurne;1;0;0;2;;;-1;3;Autovettura privata;In marcia / fermata / arresto;Conducente;M;Illeso;0;;Non accertato;Inesploso
1825213;8;17/01/2010 20:00;Strada Urbana;VIA BORGHESIANA;da specificare;;;;PROSS. VIA ROCCA LUMERA;Investimento di pedone;Rettilineo;Una carreggiata a doppio senso;Bagnato (pioggia);Asfaltata;Verticale ed orizzontale;Pioggia in atto;Scarso;Sufficiente;Sufficiente;2;0;0;0;;;-1;;;;Pedone;M;Rimandato;0;NON DECEDUTO;;
1825213;8;17/01/2010 20:00;Strada Urbana;VIA BORGHESIANA;da specificare;;;;PROSS. VIA ROCCA LUMERA;Investimento di pedone;Rettilineo;Una carreggiata a doppio senso;Bagnato (pioggia);Asfaltata;Verticale ed orizzontale;Pioggia in atto;Scarso;Sufficiente;Sufficiente;2;0;0;0;;;-1;1;Motociclo a solo;In marcia / fermata / arresto;Conducente;M;Rifiuta cure immediate;0;NON DECEDUTO;Non accertato;Inesistente
1825214;8;17/01/2010 12:30;Strada Urbana;VIA FRATELLI MAZZOCCHI;all'intersezione con;VIA ANGELO MARABINI;VIA ANGELO MARABINI;;;Scontro frontale/laterale DX fra veicoli in marcia;Incrocio;Una carreggiata a senso unico di marcia;Asciutto;Asfaltata;Verticale;Nuvoloso;Scarso;Sufficiente;Ore Diurne;0;0;0;3;;;-1;1;Autovettura privata;In marcia / fermata / arresto;Conducente;M;Illeso;0;;Non accertato;Inesploso
1825214;8;17/01/2010 12:30;Strada Urbana;VIA FRATELLI MAZZOCCHI;all'intersezione con;VIA ANGELO MARABINI;VIA ANGELO MARABINI;;;Scontro frontale/laterale DX fra veicoli in marcia;Incrocio;Una carreggiata a senso unico di marcia;Asciutto;Asfaltata;Verticale;Nuvoloso;Scarso;Sufficiente;Ore Diurne;0;0;0;3;;;-1;1;Autovettura privata;In marcia / fermata / arresto;Passeggero;M;Illeso;0;;Non accertato;Inesploso
1825214;8;17/01/2010 12:30;Strada Urbana;VIA FRATELLI MAZZOCCHI;all'intersezione con;VIA ANGELO MARABINI;VIA ANGELO MARABINI;;;Scontro frontale/laterale DX fra veicoli in marcia;Incrocio;Una carreggiata a senso unico di marcia;Asciutto;Asfaltata;Verticale;Nuvoloso;Scarso;Sufficiente;Ore Diurne;0;0;0;3;;;-1;2;Autovettura privata;In marcia / fermata / arresto;Conducente;M;Illeso;0;;Non accertato;Inesploso