Protocollo;Gruppo;DataOraIncidente;Localizzazione1;STRADA1;Localizzazione2;STRADA2;Strada02;Chilometrica;DaSpecificare;NaturaIncidente;particolaritastrade;TipoStrada;FondoStradale;Pavimentazione;Segnaletica;CondizioneAtmosferica;Traffico;Visibilita;Illuminazione;NUM_FERITI;NUM_RISERVATA;NUM_MORTI;NUM_ILLESI;Longitudine;Latitudine;Confermato;Progressivo;TipoVeicolo;StatoVeicolo;TipoPersona;Sesso;Tipolesione;Deceduto;DecedutoDopo;CinturaCascoUtilizzato;Airbag
1825796;1;22/01/2010 03:00;Strada Urbana;LUNGOTEVERE TESTACCIO;all'intersezione semaforizzata con;PONTE SUBLICIO;PONTE SUBLICIO;;;Scontro frontale/laterale DX fra veicoli in marcia;Intersezione semaforizzata;Una carreggiata a doppio senso;Asciutto;Asfaltata;Verticale ed orizzontale;Sereno;Scarso;Buona;Sufficiente;0;0;0;4;;;-1;1;Autovettura privata;In marcia / fermata / arresto;Passeggero;F;Illeso;0;;Non accertato;Inesistente
1825796;1;22/01/2010 03:00;Strada Urbana;LUNGOTEVERE TESTACCIO;all'intersezione semaforizzata con;PONTE SUBLICIO;PONTE SUBLICIO;;;Scontro frontale/laterale DX fra veicoli in marcia;Intersezione semaforizzata;Una carreggiata a doppio senso;Asciutto;Asfaltata;Verticale ed orizzontale;Sereno;Scarso;Buona;Sufficiente;0;0;0;4;;;-1;2;Autovettura pubblica;In marcia / fermata / arresto;Conducente;M;Illeso;0;;Non accertato;Inesistente
1825797;1;22/01/2010 12:35;Strada Urbana;PIAZZALE OSTIENSE;all'intersezione con;VIALE MARCO POLO;VIALE MARCO POLO;;;Scontro frontale/laterale DX fra veicoli in marcia;Incrocio;Una carreggiata a doppio senso;Asciutto;Asfaltata;Verticale ed orizzontale;Nuvoloso;Scarso;Buona;Ore Diurne;0;0;0;2;;;-1;1;Autovettura privata;In marcia / fermata / arresto;Conducente;F;Illeso;0;;Utilizzato;Inesistente
1825797;1;22/01/2010 12:35;Strada Urbana;PIAZZALE OSTIENSE;all'intersezione con;VIALE MARCO POLO;VIALE MARCO POLO;;;Scontro frontale/laterale DX fra veicoli in marcia;Incrocio;Una carreggiata a doppio senso;Asciutto;Asfaltata;Verticale ed orizzontale;Nuvoloso;Scarso;Buona;Ore Diurne;0;0;0;2;;;-1;2;Autocarro inferiore 35 q.;In marcia / fermata / arresto;Conducente;M;Illeso;0;;Utilizzato;Inesistente
1825798;10;16/01/2010 08:00;Altra strada;VIALE LEONARDO DA VINCI;da specificare;;;;p.le l. da vinci (aeroporto ciampino);Veicoli in marcia contro veicolo fermo;Rettilineo;Una carreggiata a senso unico di marcia;Asciutto;Asfaltata;Verticale ed orizzontale;Sereno;Scarso;Buona;Ore Diurne;0;0;0;1;;;-1;1;Altro;In marcia / fermata / arresto;Conducente;M;Illeso;0;;Non accertato;Inesistente
1825799;10;21/01/2010 12:40;Altra strada;VIA GOFFREDO MAMELI;da specificare;;;;aeroporto ciampino fronte caserma cc;Veicolo in marcia contro ostacolo fisso;Rettilineo;Una carreggiata a doppio senso;Asciutto;Asfaltata;Verticale ed orizzontale;Sereno;Scarso;Buona;Ore Diurne;0;0;0;1;;;-1;1;Autovettura privata;In marcia / fermata / arresto;Conducente;M;Illeso;0;;Non accertato;Inesistente
1825800;10;22/01/2010 08:45;Statale entro l'abitato;VIA TUSCOLANA;in prossimità;;del palo luce n. ;758;;Tamponamento Multiplo;Rettilineo;Due carreggiate;Asciutto;Asfaltata;Verticale ed orizzontale;Sereno;Normale;Buona;Ore Diurne;0;0;0;5;;;-1;1;Autovettura privata;In marcia / fermata / arresto;Conducente;M;Illeso;0;;Non accertato;Inesploso
1825800;10;22/01/2010 08:45;Statale entro l'abitato;VIA TUSCOLANA;in prossimità;;del palo luce n. ;758;;Tamponamento Multiplo;Rettilineo;Due carreggiate;Asciutto;Asfaltata;Verticale ed orizzontale;Sereno;Normale;Buona;Ore Diurne;0;0;0;5;;;-1;1;Autovettura privata;In marcia / fermata / arresto;Passeggero;F;Illeso;0;;Non accertato;Inesploso
1825800;10;22/01/2010 08:45;Statale entro l'abitato;VIA TUSCOLANA;in prossimità;;del palo luce n. ;758;;Tamponamento Multiplo;Rettilineo;Due carreggiate;Asciutto;Asfaltata;Verticale ed orizzontale;Sereno;Normale;Buona;Ore Diurne;0;0;0;5;;;-1;1;Autovettura privata;In marcia / fermata / arresto;Passeggero;F;Illeso;0;;Non accertato;Inesploso
1825800;10;22/01/2010 08:45;Statale entro l'abitato;VIA TUSCOLANA;in prossimità;;del palo luce n. ;758;;Tamponamento Multiplo;Rettilineo;Due carreggiate;Asciutto;Asfaltata;Verticale ed orizzontale;Sereno;Normale;Buona;Ore Diurne;0;0;0;5;;;-1;2;Autovettura privata;In marcia / fermata / arresto;Conducente;F;Illeso;0;;Non accertato;Inesploso
1825800;10;22/01/2010 08:45;Statale entro l'abitato;VIA TUSCOLANA;in prossimità;;del palo luce n. ;758;;Tamponamento Multiplo;Rettilineo;Due carreggiate;Asciutto;Asfaltata;Verticale ed orizzontale;Sereno;Normale;Buona;Ore Diurne;0;0;0;5;;;-1;3;Autovettura privata;In marcia / fermata / arresto;Conducente;F;Illeso;0;;Non accertato;Inesploso
1825801;10;22/01/2010 11:55;Strada Urbana;VIALE OPITA OPPIO;in prossimità;;del civico n. ;46/A;;Scontro laterale fra veicoli in marcia;Rettilineo;Una carreggiata a doppio senso;Asciutto;Asfaltata;Verticale ed orizzontale;Sereno;Normale;Buona;Ore Diurne;3;0;0;0;;;-1;1;Autovettura privata;In marcia / fermata / arresto;Conducente;M;Rifiuta cure immediate;0;NON DECEDUTO;Non accertato;Inesploso
1825801;10;22/01/2010 11:55;Strada Urbana;VIALE OPITA OPPIO;in prossimità;;del civico n. ;46/A;;Scontro laterale fra veicoli in marcia;Rettilineo;Una carreggiata a doppio senso;Asciutto;Asfaltata;Verticale ed orizzontale;Sereno;Normale;Buona;Ore Diurne;3;0;0;0;;;-1;2;Ciclomotore;In marcia / fermata / arresto;Conducente;M;Rimandato;0;NON DECEDUTO;Non accertato;Inesistente
1825801;10;22/01/2010 11:55;Strada Urbana;VIALE OPITA OPPIO;in prossimità;;del civico n. ;46/A;;Scontro laterale fra veicoli in marcia;Rettilineo;Una carreggiata a doppio senso;Asciutto;Asfaltata;Verticale ed orizzontale;Sereno;Normale;Buona;Ore Diurne;3;0;0;0;;;-1;2;Ciclomotore;In marcia / fermata / arresto;Passeggero;M;Rimandato;0;NON DECEDUTO;Non accertato;Inesistente
1825802;10;22/01/2010 13:30;Strada Urbana;VIA MARY PANDOLFI DE RINALDIS;da specificare;;;;"parcheggio fronte ingresso ""Decathlon""";Tamponamento;Rettilineo;Una carreggiata a senso unico di marcia;Asciutto;Asfaltata;Verticale ed orizzontale;Sereno;Scarso;Buona;Ore Diurne;0;0;0;2;;;-1;1;Autovettura privata;In marcia / fermata / arresto;Conducente;F;Illeso;0;;Non accertato;Inesploso
1825802;10;22/01/2010 13:30;Strada Urbana;VIA MARY PANDOLFI DE RINALDIS;da specificare;;;;"parcheggio fronte ingresso ""Decathlon""";Tamponamento;Rettilineo;Una carreggiata a senso unico di marcia;Asciutto;Asfaltata;Verticale ed orizzontale;Sereno;Scarso;Buona;Ore Diurne;0;0;0;2;;;-1;2;Autovettura privata;In marcia / fermata / arresto;Conducente;M;Illeso;0;;Non accertato;Inesploso
1825803;10;22/01/2010 15:30;Strada Urbana;VIA DI TORRE MORENA;all'intersezione con;VIA CETRARO;VIA CETRARO;;;Scontro laterale fra veicoli in marcia;Incrocio;Una carreggiata a doppio senso;Asciutto;Asfaltata;Verticale ed orizzontale;Nuvoloso;Normale;Buona;Ore Diurne;2;0;0;1;;;-1;1;Autovettura privata;In marcia / fermata / arresto;Conducente;F;Illeso;0;;Non accertato;Inesploso
1825803;10;22/01/2010 15:30;Strada Urbana;VIA DI TORRE MORENA;all'intersezione con;VIA CETRARO;VIA CETRARO;;;Scontro laterale fra veicoli in marcia;Incrocio;Una carreggiata a doppio senso;Asciutto;Asfaltata;Verticale ed orizzontale;Nuvoloso;Normale;Buona;Ore Diurne;2;0;0;1;;;-1;2;Autovettura privata;In marcia / fermata / arresto;Conducente;F;Rimandato;0;NON DECEDUTO;Non accertato;Inesploso
1825803;10;22/01/2010 15:30;Strada Urbana;VIA DI TORRE MORENA;all'intersezione con;VIA CETRARO;VIA CETRARO;;;Scontro laterale fra veicoli in marcia;Incrocio;Una carreggiata a doppio senso;Asciutto;Asfaltata;Verticale ed orizzontale;Nuvoloso;Normale;Buona;Ore Diurne;2;0;0;1;;;-1;2;Autovettura privata;In marcia / fermata / arresto;Passeggero;F;Rimandato;0;NON DECEDUTO;Non accertato;Inesistente
1825804;10;22/01/2010 18:10;Strada Urbana;VIALE DEI SALESIANI;all'intersezione con;PIAZZA S. GIOVANNI BOSCO;PIAZZA S. GIOVANNI BOSCO;;;Scontro laterale fra veicoli in marcia;Incrocio;Una carreggiata a senso unico di marcia;Asciutto;Asfaltata;Verticale ed orizzontale;Nuvoloso;Normale;Buona;Sufficiente;0;0;0;3;;;-1;1;Autovettura privata;In marcia / fermata / arresto;Conducente;M;Illeso;0;;Non accertato;Inesploso
1825804;10;22/01/2010 18:10;Strada Urbana;VIALE DEI SALESIANI;all'intersezione con;PIAZZA S. GIOVANNI BOSCO;PIAZZA S. GIOVANNI BOSCO;;;Scontro laterale fra veicoli in marcia;Incrocio;Una carreggiata a senso unico di marcia;Asciutto;Asfaltata;Verticale ed orizzontale;Nuvoloso;Normale;Buona;Sufficiente;0;0;0;3;;;-1;2;Autovettura privata;In marcia / fermata / arresto;Conducente;M;Illeso;0;;Non accertato;Inesploso
1825804;10;22/01/2010 18:10;Strada Urbana;VIALE DEI SALESIANI;all'intersezione con;PIAZZA S. GIOVANNI BOSCO;PIAZZA S. GIOVANNI BOSCO;;;Scontro laterale fra veicoli in marcia;Incrocio;Una carreggiata a senso unico di marcia;Asciutto;Asfaltata;Verticale ed orizzontale;Nuvoloso;Normale;Buona;Sufficiente;0;0;0;3;;;-1;2;Autovettura privata;In marcia / fermata / arresto;Passeggero;F;Illeso;0;;Non accertato;Inesploso
1825805;11;19/01/2010 13:40;Strada Urbana;VIA OSTIENSE;in corrispondenza;;del civico n. ;26;;Tamponamento Multiplo;Rettilineo;Più di due carreggiate;Asciutto;Asfaltata;Verticale ed orizzontale;Sereno;Intenso;Buona;Ore Diurne;2;0;0;2;;;-1;1;Autovettura privata;In marcia / fermata / arresto;Conducente;M;Illeso;0;;Utilizzato;Inesploso
1825805;11;19/01/2010 13:40;Strada Urbana;VIA OSTIENSE;in corrispondenza;;del civico n. ;26;;Tamponamento Multiplo;Rettilineo;Più di due carreggiate;Asciutto;Asfaltata;Verticale ed orizzontale;Sereno;Intenso;Buona;Ore Diurne;2;0;0;2;;;-1;2;Autovettura privata;In marcia / fermata / arresto;Conducente;F;Rimandato;0;NON DECEDUTO;Utilizzato;Inesploso
1825805;11;19/01/2010 13:40;Strada Urbana;VIA OSTIENSE;in corrispondenza;;del civico n. ;26;;Tamponamento Multiplo;Rettilineo;Più di due carreggiate;Asciutto;Asfaltata;Verticale ed orizzontale;Sereno;Intenso;Buona;Ore Diurne;2;0;0;2;;;-1;2;Autovettura privata;In marcia / fermata / arresto;Passeggero;F;Rimandato;0;NON DECEDUTO;Non accertato;Inesistente
1825805;11;19/01/2010 13:40;Strada Urbana;VIA OSTIENSE;in corrispondenza;;del civico n. ;26;;Tamponamento Multiplo;Rettilineo;Più di due carreggiate;Asciutto;Asfaltata;Verticale ed orizzontale;Sereno;Intenso;Buona;Ore Diurne;2;0;0;2;;;-1;3;Autovettura privata;In marcia / fermata / arresto;Conducente;M;Illeso;0;;Utilizzato;Inesploso
1825806;11;21/01/2010 11:35;Strada Urbana;VIALE GIUSTINIANO IMPERATORE;all'intersezione con;VIA GALBA;VIA GALBA;;;Scontro frontale/laterale SX fra veicoli in marcia;Intersezione stradale segnalata;Due carreggiate;Asciutto;Asfaltata;Orizzontale;Sereno;Normale;Buona;Ore Diurne;0;0;0;2;;;-1;1;Autovettura privata;In marcia / fermata / arresto;Conducente;M;Illeso;0;;Non accertato;Esploso
1825806;11;21/01/2010 11:35;Strada Urbana;VIALE GIUSTINIANO IMPERATORE;all'intersezione con;VIA GALBA;VIA GALBA;;;Scontro frontale/laterale SX fra veicoli in marcia;Intersezione stradale segnalata;Due carreggiate;Asciutto;Asfaltata;Orizzontale;Sereno;Normale;Buona;Ore Diurne;0;0;0;2;;;-1;2;Autocarro inferiore 35 q.;In marcia / fermata / arresto;Conducente;F;Illeso;0;;Non accertato;Esploso
1825807;11;23/01/2010 01:40;Strada Urbana;VIA CINA;da specificare;;;;fronte civico 7;Veicolo in marcia contro ostacolo fisso;Rettilineo;Una carreggiata a doppio senso;Asciutto;Asfaltata;Verticale ed orizzontale;Sereno;Scarso;Buona;Sufficiente;0;0;1;0;;;-1;1;Autovettura privata;In marcia / fermata / arresto;Conducente;M;Deceduto durante trasporto;-1;;Non accertato;Esploso
1825809;13;22/01/2010 06:50;Strada Urbana;VIA ALBI;da specificare;;;;prossimità incrocio con VIA OSTIENSE;Scontro frontale/laterale DX fra veicoli in marcia;Curva a visuale libera;Una carreggiata a doppio senso;Asciutto;Asfaltata;Verticale ed orizzontale;Sereno;Intenso;Buona;Ore Diurne;0;0;0;4;;;-1;1;Autovettura privata;In marcia / fermata / arresto;Conducente;M;Illeso;0;;Utilizzato;Inesploso
1825809;13;22/01/2010 06:50;Strada Urbana;VIA ALBI;da specificare;;;;prossimità incrocio con VIA OSTIENSE;Scontro frontale/laterale DX fra veicoli in marcia;Curva a visuale libera;Una carreggiata a doppio senso;Asciutto;Asfaltata;Verticale ed orizzontale;Sereno;Intenso;Buona;Ore Diurne;0;0;0;4;;;-1;1;Autovettura privata;In marcia / fermata / arresto;Passeggero;M;Illeso;0;;Utilizzato;Inesploso
1825809;13;22/01/2010 06:50;Strada Urbana;VIA ALBI;da specificare;;;;prossimità incrocio con VIA OSTIENSE;Scontro frontale/laterale DX fra veicoli in marcia;Curva a visuale libera;Una carreggiata a doppio senso;Asciutto;Asfaltata;Verticale ed orizzontale;Sereno;Intenso;Buona;Ore Diurne;0;0;0;4;;;-1;1;Autovettura privata;In marcia / fermata / arresto;Passeggero;M;Illeso;0;;Non accertato;Inesploso
1825809;13;22/01/2010 06:50;Strada Urbana;VIA ALBI;da specificare;;;;prossimità incrocio con VIA OSTIENSE;Scontro frontale/laterale DX fra veicoli in marcia;Curva a visuale libera;Una carreggiata a doppio senso;Asciutto;Asfaltata;Verticale ed orizzontale;Sereno;Intenso;Buona;Ore Diurne;0;0;0;4;;;-1;2;Autovettura privata;In marcia / fermata / arresto;Conducente;F;Illeso;0;;Utilizzato;Inesploso
1825810;13;22/01/2010 07:30;Strada Urbana;VIA DEL CASALETTO DI GIANO;da specificare;;;;dopo il tunnel direzione Via Ostiense;Tamponamento;Pendenza;Una carreggiata a doppio senso;Ghiacciato;Asfaltata;Assente;Sereno;Normale;Buona;Ore Diurne;0;0;0;4;;;-1;1;Autovettura privata;In marcia / fermata / arresto;Conducente;F;Illeso;0;;Non accertato;Inesistente
1825810;13;22/01/2010 07:30;Strada Urbana;VIA DEL CASALETTO DI GIANO;da specificare;;;;dopo il tunnel direzione Via Ostiense;Tamponamento;Pendenza;Una carreggiata a doppio senso;Ghiacciato;Asfaltata;Assente;Sereno;Normale;Buona;Ore Diurne;0;0;0;4;;;-1;1;Autovettura privata;In marcia / fermata / arresto;Passeggero;F;Illeso;0;;Non accertato;Inesistente
1825810;13;22/01/2010 07:30;Strada Urbana;VIA DEL CASALETTO DI GIANO;da specificare;;;;dopo il tunnel direzione Via Ostiense;Tamponamento;Pendenza;Una carreggiata a doppio senso;Ghiacciato;Asfaltata;Assente;Sereno;Normale;Buona;Ore Diurne;0;0;0;4;;;-1;2;Autovettura privata;In marcia / fermata / arresto;Conducente;F;Illeso;0;;Non accertato;Inesistente
1825810;13;22/01/2010 07:30;Strada Urbana;VIA DEL CASALETTO DI GIANO;da specificare;;;;dopo il tunnel direzione Via Ostiense;Tamponamento;Pendenza;Una carreggiata a doppio senso;Ghiacciato;Asfaltata;Assente;Sereno;Normale;Buona;Ore Diurne;0;0;0;4;;;-1;3;Autovettura privata;In marcia / fermata / arresto;Conducente;M;Illeso;0;;Non accertato;Inesistente
1825811;13;22/01/2010 08:20;Strada Urbana;PIAZZA DI S. MONICA;da specificare;;;;prossimità Via delle Gondole;Scontro frontale/laterale SX fra veicoli in marcia;Rettilineo;Una carreggiata a doppio senso;Asciutto;Asfaltata;Orizzontale;Sereno;Normale;Buona;Ore Diurne;1;0;0;2;;;-1;1;Autovettura privata;In marcia / fermata / arresto;Conducente;M;Illeso;0;;Non accertato;Inesploso
1825811;13;22/01/2010 08:20;Strada Urbana;PIAZZA DI S. MONICA;da specificare;;;;prossimità Via delle Gondole;Scontro frontale/laterale SX fra veicoli in marcia;Rettilineo;Una carreggiata a doppio senso;Asciutto;Asfaltata;Orizzontale;Sereno;Normale;Buona;Ore Diurne;1;0;0;2;;;-1;2;Autovettura privata;In marcia / fermata / arresto;Conducente;M;Illeso;0;;Non accertato;Inesploso
1825811;13;22/01/2010 08:20;Strada Urbana;PIAZZA DI S. MONICA;da specificare;;;;prossimità Via delle Gondole;Scontro frontale/laterale SX fra veicoli in marcia;Rettilineo;Una carreggiata a doppio senso;Asciutto;Asfaltata;Orizzontale;Sereno;Normale;Buona;Ore Diurne;1;0;0;2;;;-1;2;Autovettura privata;In marcia / fermata / arresto;Passeggero;F;Rimandato;0;NON DECEDUTO;Non accertato;Inesploso
1825812;13;07/01/2010 12:00;Strada Urbana;VIA ARCHELAO DI MILETO;da specificare;;;;area parcheggio fronte civ. 59;Veicolo in marcia contro veicolo fermo;Rettilineo;Una carreggiata a doppio senso;Asciutto;Asfaltata;Assente;Sereno;Scarso;Buona;Ore Diurne;0;0;0;1;;;-1;1;Autovettura privata;In marcia / fermata / arresto;Conducente;M;Illeso;0;;Non accertato;Inesploso
1825813;13;22/01/2010 12:30;Strada Urbana;VIA DELLA TOLDA;all'intersezione con;VIA DELLE TARTANE;VIA DELLE TARTANE;;;Scontro frontale/laterale SX fra veicoli in marcia;Incrocio;Una carreggiata a doppio senso;Asciutto;Asfaltata;Verticale ed orizzontale;Nebbia;Normale;Buona;Ore Diurne;0;0;0;2;;;-1;1;Autovettura privata;In marcia / fermata / arresto;Conducente;F;Illeso;0;;Non accertato;Inesistente
1825813;13;22/01/2010 12:30;Strada Urbana;VIA DELLA TOLDA;all'intersezione con;VIA DELLE TARTANE;VIA DELLE TARTANE;;;Scontro frontale/laterale SX fra veicoli in marcia;Incrocio;Una carreggiata a doppio senso;Asciutto;Asfaltata;Verticale ed orizzontale;Nebbia;Normale;Buona;Ore Diurne;0;0;0;2;;;-1;2;Autovettura privata;In marcia / fermata / arresto;Conducente;F;Illeso;0;;Non accertato;Inesistente
1825814;13;22/01/2010 14:30;Strada Urbana;VIA DELLE AZZORRE;da specificare;;;;prossimita' Via delle Baleniere ;Veicolo in marcia contro veicoli in sosta;Rettilineo;Una carreggiata a senso unico di marcia;Asciutto;Asfaltata;Assente;Sereno;Scarso;Buona;Ore Diurne;1;0;0;0;;;-1;1;Autovettura privata;In marcia / fermata / arresto;Conducente;F;Rimandato;0;NON DECEDUTO;Non accertato;Inesistente
1825815;13;22/01/2010 17:40;Strada Urbana;PIAZZA TOLOSETTO FARINATI DEGLI UBERTI;all'intersezione con;VIA DELLE FIAMME GIALLE;VIA DELLE FIAMME GIALLE;;;Scontro frontale/laterale DX fra veicoli in marcia;Incrocio;Due carreggiate;Asciutto;Asfaltata;Verticale ed orizzontale;Sereno;Scarso;Sufficiente;Sufficiente;0;0;0;2;;;-1;1;Autovettura privata;In marcia / fermata / arresto;Conducente;M;Illeso;0;;Non accertato;Esploso
1825815;13;22/01/2010 17:40;Strada Urbana;PIAZZA TOLOSETTO FARINATI DEGLI UBERTI;all'intersezione con;VIA DELLE FIAMME GIALLE;VIA DELLE FIAMME GIALLE;;;Scontro frontale/laterale DX fra veicoli in marcia;Incrocio;Due carreggiate;Asciutto;Asfaltata;Verticale ed orizzontale;Sereno;Scarso;Sufficiente;Sufficiente;0;0;0;2;;;-1;2;Autovettura privata;In marcia / fermata / arresto;Conducente;M;Illeso;0;;Non accertato;Inesploso
1825816;13;22/01/2010 20:10;Strada Urbana;VIALE PAOLO ORLANDO;all'intersezione con;PIAZZALE DELLA STAZIONE DEL LIDO;PIAZZALE DELLA STAZIONE DEL LIDO;;;Veicolo in marcia contro veicolo in sosta;Incrocio;Due carreggiate;Asciutto;Asfaltata;Verticale ed orizzontale;Sereno;Normale;Buona;Sufficiente;0;0;0;1;;;-1;2;Autocarro inferiore 35 q.;In marcia / fermata / arresto;Conducente;M;Illeso;0;;Non accertato;Inesistente
1825817;15;22/01/2010 08:15;Strada Urbana;VIA DELLA PISANA;da specificare;;;;rampa accesso GRA dir. fiumicino;Tamponamento;Curva a visuale libera;Una carreggiata a doppio senso;Asciutto;Asfaltata;Verticale ed orizzontale;Sereno;Normale;Buona;Ore Diurne;1;0;0;1;;;-1;1;Autovettura privata;In marcia / fermata / arresto;Conducente;M;Rimandato;0;NON DECEDUTO;Utilizzato;Inesistente
1825817;15;22/01/2010 08:15;Strada Urbana;VIA DELLA PISANA;da specificare;;;;rampa accesso GRA dir. fiumicino;Tamponamento;Curva a visuale libera;Una carreggiata a doppio senso;Asciutto;Asfaltata;Verticale ed orizzontale;Sereno;Normale;Buona;Ore Diurne;1;0;0;1;;;-1;2;Autocarro superiore 35 q.;In marcia / fermata / arresto;Conducente;M;Illeso;0;;Utilizzato;Inesistente
1825818;15;22/01/2010 09:35;Strada Urbana;VIA ODERISI DA GUBBIO;in corrispondenza;;del civico n. ;129;;Infortunio per sola frenata improvvisa;Rettilineo;Una carreggiata a doppio senso;Asciutto;Asfaltata;Verticale ed orizzontale;Sereno;Normale;Buona;Ore Diurne;0;0;0;1;;;-1;1;Motociclo a solo;In marcia / fermata / arresto;Conducente;M;Illeso;0;;Utilizzato;Inesistente
1825819;15;22/01/2010 10:00;Strada Urbana;VIA PORTUENSE;all'intersezione con;VIA DEGLI IRLANDESI;VIA DEGLI IRLANDESI;;;Scontro laterale fra veicoli in marcia;Intersezione semaforizzata;Una carreggiata a doppio senso;Asciutto;Asfaltata;Verticale ed orizzontale;Sereno;Normale;Buona;Ore Diurne;1;0;0;1;;;-1;1;Autovettura privata;In marcia / fermata / arresto;Conducente;F;Illeso;0;;Utilizzato;Inesistente
1825819;15;22/01/2010 10:00;Strada Urbana;VIA PORTUENSE;all'intersezione con;VIA DEGLI IRLANDESI;VIA DEGLI IRLANDESI;;;Scontro laterale fra veicoli in marcia;Intersezione semaforizzata;Una carreggiata a doppio senso;Asciutto;Asfaltata;Verticale ed orizzontale;Sereno;Normale;Buona;Ore Diurne;1;0;0;1;;;-1;2;Motociclo a solo;In marcia / fermata / arresto;Conducente;F;Rimandato;0;NON DECEDUTO;Utilizzato;Inesistente
1825820;15;22/01/2010 14:15;Strada Urbana;VIA PORTUENSE;all'intersezione semaforizzata con;VIALE ARTURO MARTINI;VIALE ARTURO MARTINI;;;Scontro frontale/laterale SX fra veicoli in marcia;Incrocio;Una carreggiata a doppio senso;Asciutto;Asfaltata;Verticale ed orizzontale;Sereno;Normale;Buona;Ore Diurne;0;0;0;3;;;-1;1;Autocarro inferiore 35 q.;In marcia / fermata / arresto;Conducente;M;Illeso;0;;Utilizzato;Inesistente
1825820;15;22/01/2010 14:15;Strada Urbana;VIA PORTUENSE;all'intersezione semaforizzata con;VIALE ARTURO MARTINI;VIALE ARTURO MARTINI;;;Scontro frontale/laterale SX fra veicoli in marcia;Incrocio;Una carreggiata a doppio senso;Asciutto;Asfaltata;Verticale ed orizzontale;Sereno;Normale;Buona;Ore Diurne;0;0;0;3;;;-1;1;Autocarro inferiore 35 q.;In marcia / fermata / arresto;Passeggero;M;Illeso;0;;Utilizzato;Inesistente
1825820;15;22/01/2010 14:15;Strada Urbana;VIA PORTUENSE;all'intersezione semaforizzata con;VIALE ARTURO MARTINI;VIALE ARTURO MARTINI;;;Scontro frontale/laterale SX fra veicoli in marcia;Incrocio;Una carreggiata a doppio senso;Asciutto;Asfaltata;Verticale ed orizzontale;Sereno;Normale;Buona;Ore Diurne;0;0;0;3;;;-1;2;Autovettura privata;In marcia / fermata / arresto;Conducente;F;Illeso;0;;Utilizzato;Inesistente
1825821;15;22/01/2010 15:40;Strada Urbana;VIA DI VIGNA GIRELLI;all'intersezione con;VIA COREGLIA ANTELMINELLI;VIA COREGLIA ANTELMINELLI;;;Scontro frontale fra veicoli in marcia;Incrocio;Una carreggiata a doppio senso;Asciutto;Asfaltata;Orizzontale;Sereno;Normale;Buona;Ore Diurne;1;0;0;1;;;-1;1;Autovettura privata;In marcia / fermata / arresto;Conducente;M;Illeso;0;;Utilizzato;Inesistente
1825821;15;22/01/2010 15:40;Strada Urbana;VIA DI VIGNA GIRELLI;all'intersezione con;VIA COREGLIA ANTELMINELLI;VIA COREGLIA ANTELMINELLI;;;Scontro frontale fra veicoli in marcia;Incrocio;Una carreggiata a doppio senso;Asciutto;Asfaltata;Orizzontale;Sereno;Normale;Buona;Ore Diurne;1;0;0;1;;;-1;2;Motociclo a solo;In marcia / fermata / arresto;Conducente;M;Rimandato;0;NON DECEDUTO;Utilizzato;Inesistente
1825822;15;22/01/2010 16:10;Strada Urbana;VIA GIOVANNI ANGELINI;in corrispondenza;;del civico n. ;59;;Investimento di pedone;Rettilineo;Una carreggiata a senso unico di marcia;Asciutto;Asfaltata;Verticale;Sereno;Normale;Buona;Ore Diurne;1;0;0;1;;;-1;;;;Pedone;M;Rimandato;0;NON DECEDUTO;;
1825822;15;22/01/2010 16:10;Strada Urbana;VIA GIOVANNI ANGELINI;in corrispondenza;;del civico n. ;59;;Investimento di pedone;Rettilineo;Una carreggiata a senso unico di marcia;Asciutto;Asfaltata;Verticale;Sereno;Normale;Buona;Ore Diurne;1;0;0;1;;;-1;1;Autovettura privata;In marcia / fermata / arresto;Conducente;M;Illeso;0;;Utilizzato;Inesistente
1825823;15;23/01/2010 00:05;Strada Urbana;VIA PORTUENSE;all'intersezione semaforizzata con;VIA PIETRO VENTURI;VIA PIETRO VENTURI;;;Scontro frontale/laterale DX fra veicoli in marcia;Incrocio;Due carreggiate;Asciutto;Asfaltata;Verticale ed orizzontale;Sereno;Scarso;Buona;Sufficiente;1;0;0;3;;;-1;1;Ciclomotore;In marcia / fermata / arresto;Conducente;M;Illeso;0;;Utilizzato;Inesistente
1825823;15;23/01/2010 00:05;Strada Urbana;VIA PORTUENSE;all'intersezione semaforizzata con;VIA PIETRO VENTURI;VIA PIETRO VENTURI;;;Scontro frontale/laterale DX fra veicoli in marcia;Incrocio;Due carreggiate;Asciutto;Asfaltata;Verticale ed orizzontale;Sereno;Scarso;Buona;Sufficiente;1;0;0;3;;;-1;1;Ciclomotore;In marcia / fermata / arresto;Passeggero;M;Rimandato;0;NON DECEDUTO;Utilizzato;Inesistente
1825823;15;23/01/2010 00:05;Strada Urbana;VIA PORTUENSE;all'intersezione semaforizzata con;VIA PIETRO VENTURI;VIA PIETRO VENTURI;;;Scontro frontale/laterale DX fra veicoli in marcia;Incrocio;Due carreggiate;Asciutto;Asfaltata;Verticale ed orizzontale;Sereno;Scarso;Buona;Sufficiente;1;0;0;3;;;-1;2;Autovettura privata;In marcia / fermata / arresto;Conducente;M;Illeso;0;;Utilizzato;Inesistente